ID,WBS,任务名称,任务类型,工期,开始时间,完成时间,前置任务,资源名称,责任部门,供应商,审核人/审批组,风险等级,里程碑,交付物,备注,所属视图分类,阶段门编号,是否关键路径控制,版本控制对象,变更等级,联调启动条件,是否H5重点展示,阶段门名称,放行/阻断规则,合同/付款控制口径,H5诊断规则,执行说明
1,1,项目启动与总体蓝图,摘要,,2026-06-01,2026-10-22,,信息化项目组,信息化项目组,,,中,否,,总体牵头：信息化项目组；重大事项提交项目决策组,,,,,,,,,,,,
435,1.1,项目启动与治理机制,摘要,,2026-06-01,2026-06-15,,信息化项目组,信息化项目组,,,中,否,,语义分组新增二级摘要；原二级任务已下沉到本工作包。,,,,,,,,,,,,
2,1.1.1,项目启动会准备,启动,5工作日,2026-06-01,2026-06-05,,信息化项目组,信息化项目组,,信息化项目管理工作室,中,否,启动会议程、参会清单,,,,,,,,,,,,,
3,1.1.2,项目启动会召开,里程碑,0工作日,2026-06-08,2026-06-08,2,信息化项目组,信息化项目组,,项目决策组,中,是,项目启动会纪要,,Gate,G0,是,,,,是,,,,,
4,1.1.3,项目治理机制建立,管理,5工作日,2026-06-09,2026-06-15,3,信息化项目组,信息化项目组,,信息化项目管理工作室,中,否,周会、月报、风险台账、变更流程,,,,,,,,,,,,,
436,1.2,现状调研,摘要,,2026-06-16,2026-08-19,,信息化项目组,信息化项目组,,,中,否,,语义分组新增二级摘要；原二级任务已下沉到本工作包。,,,,,,,,,,,,
5,1.2.1,现状调研计划编制,调研,5工作日,2026-06-16,2026-06-22,4,信息化项目组,信息化项目组,,信息化项目管理工作室,中,否,调研计划,,,,,,,,,,,,,
6,1.2.2,业务现状调研-数据与主数据,调研,8工作日,2026-06-23,2026-07-02,5,信息化项目组,信息化项目组,,信息化项目管理工作室,中,否,调研记录,,,,,,,,,,,,,
7,1.2.3,业务现状调研-PLM,调研,8工作日,2026-07-03,2026-07-14,6,信息化项目组,信息化项目组,,信息化项目管理工作室,中,否,调研记录,,,,,,,,,,,,,
8,1.2.4,业务现状调研-MES/低代码平台,调研,10工作日,2026-07-15,2026-07-28,7,信息化项目组,信息化项目组,,信息化项目管理工作室,中,否,调研记录,,,,,,,,,,,,,
9,1.2.5,业务现状调研-ERP/OA,调研,8工作日,2026-07-29,2026-08-07,8,信息化项目组,信息化项目组,,信息化项目管理工作室,中,否,调研记录,,,,,,,,,,,,,
10,1.2.6,基础设施与网络现状调研,调研,8工作日,2026-08-10,2026-08-19,9,信息化项目组,信息化项目组,,信息化项目管理工作室,中,否,调研记录,,,,,,,,,,,,,
437,1.3,总体蓝图与实施计划评审,摘要,,2026-08-20,2026-10-22,,信息化项目组,信息化项目组,,,高,否,,语义分组新增二级摘要；原二级任务已下沉到本工作包。,,,,,,,,,,,,
11,1.3.1,总体蓝图初稿编制,设计,15工作日,2026-08-20,2026-09-09,10,信息化项目组,信息化项目组,,信息化项目管理工作室,高,否,总体蓝图初稿,,,,,,,,是,,,,,
12,1.3.2,业务流程梳理与主映射关系整理,设计,15工作日,2026-09-10,2026-09-30,11,信息化项目组,信息化项目组,,信息化项目管理工作室,中,否,部门能力-业务流程-业务行为-应用系统映射,,,,,,,,,,,,,
13,1.3.3,总体系统架构设计,设计,10工作日,2026-10-01,2026-10-14,12,信息化项目组,信息化项目组,,信息化项目管理工作室,中,否,系统架构方案,,,,,,,,,,,,,
14,1.3.4,总体实施计划评审准备,评审,5工作日,2026-10-15,2026-10-21,13,信息化项目组,信息化项目组,,项目决策组,中,否,评审材料,,,,,,,,,,,,,
15,1.3.5,总体蓝图评审通过,里程碑,0工作日,2026-10-22,2026-10-22,14,信息化项目组,信息化项目组,,项目决策组,高,是,总体蓝图评审意见,,Gate,G0,是,,,,是,,,,,
16,2,招采合同与供应商管理,摘要,,2026-06-19,2028-01-31,,信息化项目组,信息化项目组,,,中,否,,供应商未定项目采用保守招采周期；合同后设置2周进场准备,,,,,,,,,,,,
17,2.1,核心系统招采关键路径,摘要,,2026-06-19,2027-01-22,,信息化项目组,信息化项目组,,信息化项目管理工作室,高,否,核心招采路径,核心系统招采需满足WBS9联调准备条件。,Core_Procurement,,是,,,,是,,,,,
18,2.1.1,核心系统采购包初始边界冻结（不触发招标发布）,里程碑,0工作日,2026-06-19,2026-06-19,,信息化项目组,信息化项目组,,项目决策组,高,是,核心采购包初始边界确认单,冻结PLM、MES/低代码平台、ERP扩容、OA、基础设施等核心采购包边界。；仅冻结采购包范围和责任边界，不作为招标/比选文件正式发布条件。,Core_Procurement,G0,是,,,,是,,正式发布招标/比选文件必须等待对应系统详细需求包或需求冻结完成。,,,采购包可先做范围划分、预算测算和市场摸底，禁止据此直接发布招标文件。
19,2.1.2,PLM供应商合同签订与进场完成,里程碑,0工作日,2027-01-18,2027-01-18,69,PLM工作组,PLM工作组,PLM供应商,项目决策组,高,是,PLM合同、进场确认,核心招采关键路径。,Core_Procurement,G2,是,,,,是,,,,,
20,2.1.3,MES/低代码平台供应商合同签订与进场完成,里程碑,0工作日,2027-01-15,2027-01-15,78,MES工作组,MES工作组,MES供应商/低代码平台供应商,项目决策组,高,是,MES/低代码平台合同、进场确认,核心招采关键路径。,Core_Procurement,G2,是,,,,是,,,,,
21,2.1.4,ERP扩容订单/合同确认完成,里程碑,0工作日,2026-10-26,2026-10-26,84,ERP·OA工作组,ERP·OA工作组,用友U8,项目决策组,高,是,ERP扩容订单/合同,ERP为现有服务器扩容，不是新建ERP系统采购。,Core_Procurement,G2,是,,,,是,,,,,
22,2.1.5,OA供应商合同签订与进场完成,里程碑,0工作日,2026-12-07,2026-12-07,96,ERP·OA工作组,ERP·OA工作组,OA供应商,项目决策组,高,是,OA合同、进场确认,OA采购作为独立采购包，不能被ERP/OA实施补强替代。,Core_Procurement,G2,是,,,,是,,,,,
23,2.1.6,核心系统供应商联合启动会,启动,3工作日,2027-01-19,2027-01-21,"19,20,21,22",信息化项目组,信息化项目组,,信息化项目管理工作室,高,否,联合启动会纪要,核心供应商共同确认接口、数据、环境、联调边界。,Core_Procurement,G2,是,,,,是,,,,,
24,2.1.7,核心招采满足WBS9联调准备条件,里程碑,0工作日,2027-01-22,2027-01-22,23,信息化项目组,信息化项目组,,项目决策组,高,是,核心招采联调准备确认单,WBS9不得依赖WBS2一级摘要，必须依赖本节点。,Core_Procurement,G2,是,,,招采,是,,,,,
25,2.2,基础设施与运行环境招采关键路径,摘要,,2026-07-01,2027-01-20,,基础设施工作组,基础设施工作组,,信息化项目管理工作室,高,否,基础设施与运行环境招采路径,承接机房动力、虚拟化、存储备份、AI GPU、Oracle HA等基础环境类采购和验收。,Core_Procurement,G1,是,,,,是,,,,,
26,2.3,外围应用与后续采购事项,摘要,,2027-05-03,2027-08-18,,信息化项目组,信息化项目组,,信息化项目管理工作室,中,否,外围后续采购事项路径,不作为WBS9联调启动前置。,Contract_Control,,,,,,是,,,,,
27,2.3.1,驾驶舱深化类采购准备,招采,10工作日,2027-05-03,2027-05-14,,信息化项目组,信息化项目组,,信息化项目管理工作室,中,否,驾驶舱深化采购准备材料,外围招采不阻塞WBS9联调启动。,Contract_Control,,,,,,是,,,,,
28,2.3.2,AI应用深化类采购准备,招采,10工作日,2027-05-17,2027-05-28,27,信息化项目组,信息化项目组,,信息化项目管理工作室,中,否,AI应用深化采购准备材料,外围招采不阻塞WBS9联调启动。,Contract_Control,,,,,,是,,,,,
29,2.3.3,后续优化与扩展类采购,招采,10工作日,2027-06-01,2027-06-30,28,信息化项目组,信息化项目组,,信息化项目管理工作室,中,否,后续优化扩展采购材料,外围招采不阻塞WBS9联调启动。,Contract_Control,,,,,,是,,,,,
30,2.3.4,外围招采合同审批与进场,合同/进场,10工作日,2027-07-01,2027-07-30,29,信息化项目组,信息化项目组,,信息化项目管理工作室,中,否,外围招采合同与进场确认,外围招采不阻塞WBS9联调启动。,Contract_Control,,,,,,是,,,,,
31,2.3.5,外围后续采购事项完成,里程碑,0工作日,2027-08-18,2027-08-18,30,信息化项目组,信息化项目组,,信息化项目管理工作室,中,是,外围后续采购事项完成确认单,外围招采不阻塞WBS9联调启动。,Contract_Control,,是,,,,是,,不通过不得进入对应供应商进场、上线、验收或总体验收下一阶段。,,,
32,2.4,招采收口与合同履约管理,摘要,,2027-08-01,2028-01-31,,信息化项目组,信息化项目组,,信息化项目管理工作室,中,否,招采合同履约台账,用于合同技术附件、付款节点、临时放行与履约风险归档。,Contract_Control,,,,,,是,,,,,
33,2.5,基础设施,摘要,,2026-07-01,2027-01-06,,基础设施工作组,基础设施工作组,基础设施供应商,信息化项目管理工作室,,否,,自动生成父级摘要，用于修复 WBS 树结构,,,,,,,,,,,,
34,2.5.1,基础设施-方案评审材料准备,方案评审,8工作日,2026-07-01,2026-07-10,,基础设施工作组,基础设施工作组,基础设施供应商,信息化项目管理工作室,中,否,基础设施方案评审材料准备,重大评审尽量串行；供应商合同后2周进场准备,,,,,,,,,,,,
35,2.5.2,基础设施-技术方案与预算评审,评审,3工作日,2026-07-13,2026-07-15,34,基础设施工作组,基础设施工作组,基础设施供应商,项目决策组,中,否,基础设施技术方案与预算评审,重大评审尽量串行；供应商合同后2周进场准备,,,,,,,,,,,,
36,2.5.3,机房动力环境改造方案评审与采购草案准备（不发布）,招采,22工作日,2026-07-16,2026-08-14,35,基础设施工作组,基础设施工作组,基础设施供应商,信息化项目管理工作室;项目决策组,高,否,机房动力环境改造方案、采购草案,包含UPS扩容、PDU、机柜承重及散热改造；必须支撑GPU服务器到货前施工准备。；本节点仅允许形成草案、预算测算和内部评审材料，不允许对外发布招标/比选文件。,Contract_Control,,,,,,是,,未完成对应系统详细需求包或需求冻结前，不得发布招标/比选文件。,,,基础设施工作组负责机房动力环境技术方案和现场条件确认；信息化项目管理工作室负责采购节奏、材料齐套和决策组上会协调。
37,2.5.4,基础设施-招标/比选文件草案编制（不发布）,招采,8工作日,2026-07-16,2026-07-27,35,基础设施工作组,基础设施工作组,基础设施供应商,信息化项目管理工作室,中,否,基础设施招标/比选文件草案,重大评审尽量串行；供应商合同后2周进场准备；本节点仅允许形成草案、预算测算和内部评审材料，不允许对外发布招标/比选文件。,Contract_Control,,,,,,,,未完成对应系统详细需求包或需求冻结前，不得发布招标/比选文件。,,,采购准备与正式发布拆分管理，本节点不触发供应商正式投标/比选。
38,2.5.5,基础设施-招标/比选文件正式发布与答疑,招采,18工作日,2026-11-03,2026-11-26,"37,259,279,308",基础设施工作组,基础设施工作组,基础设施供应商,信息化项目管理工作室,中,否,基础设施招标/比选文件正式发布与答疑,重大评审尽量串行；供应商合同后2周进场准备；本节点为正式对外发布节点，必须完成对应系统详细需求包或需求冻结后才能启动。,Contract_Control,,,,,,,,对应系统详细需求包/需求冻结未完成则阻断发布、答疑、评标和商务谈判。,,,正式发布招标/比选文件、组织答疑和后续评标均以需求冻结为前置。
39,2.5.6,基础设施-评标/选型与商务谈判,招采,10工作日,2026-11-27,2026-12-10,38,基础设施工作组,基础设施工作组,基础设施供应商,信息化项目管理工作室,中,否,基础设施评标/选型与商务谈判,重大评审尽量串行；供应商合同后2周进场准备,,,,,,,,,,,,
40,2.5.7,基础设施-合同审批与签订,合同,8工作日,2026-12-11,2026-12-22,39,基础设施工作组,基础设施工作组,基础设施供应商,项目决策组,中,否,基础设施合同审批与签订,重大评审尽量串行；供应商合同后2周进场准备,Contract_Control,,,,,,,,,,,
41,2.5.8,基础设施-供应商进场准备,进场,10工作日,2026-12-23,2027-01-05,40,基础设施工作组,基础设施工作组,基础设施供应商,信息化项目管理工作室,中,否,基础设施供应商进场准备,重大评审尽量串行；供应商合同后2周进场准备,,,,,,,,,,,,
42,2.5.9,基础设施-供应商正式进场,里程碑,0工作日,2027-01-06,2027-01-06,41,基础设施工作组,基础设施工作组,基础设施供应商,信息化项目管理工作室,中,是,基础设施供应商正式进场,重大评审尽量串行；供应商合同后2周进场准备,Gate,,是,,,,是,,不通过不得进入对应供应商进场、上线、验收或总体验收下一阶段。,,,
43,2.6,AI服务器/本地模型环境,摘要,,2026-07-15,2027-01-06,,基础设施工作组,基础设施工作组,AI服务器供应商,信息化项目管理工作室,,否,,自动生成父级摘要，用于修复 WBS 树结构,,,,,,,,,,,,
44,2.6.1,AI服务器/本地模型环境-方案评审材料准备,方案评审,8工作日,2026-07-15,2026-07-24,,基础设施工作组,基础设施工作组,AI服务器供应商,信息化项目管理工作室,中,否,AI服务器/本地模型环境方案评审材料准备,重大评审尽量串行；供应商合同后2周进场准备,,,,,,,,,,,,
45,2.6.2,AI服务器/本地模型环境-技术方案与预算评审,评审,3工作日,2026-07-27,2026-07-29,44,基础设施工作组,基础设施工作组,AI服务器供应商,项目决策组,中,否,AI服务器/本地模型环境技术方案与预算评审,重大评审尽量串行；供应商合同后2周进场准备,,,,,,,,,,,,
46,2.6.3,AI服务器/本地模型环境-招标/比选文件草案编制（不发布）,招采,8工作日,2026-07-30,2026-08-10,45,基础设施工作组,基础设施工作组,AI服务器供应商,信息化项目管理工作室,中,否,AI服务器/本地模型环境招标/比选文件草案,重大评审尽量串行；供应商合同后2周进场准备；本节点仅允许形成草案、预算测算和内部评审材料，不允许对外发布招标/比选文件。,Contract_Control,,,,,,,,未完成对应系统详细需求包或需求冻结前，不得发布招标/比选文件。,,,采购准备与正式发布拆分管理，本节点不触发供应商正式投标/比选。
47,2.6.4,AI服务器/本地模型环境-招标/比选文件正式发布与答疑,招采,18工作日,2026-11-03,2026-11-26,"46,259,279,308",基础设施工作组,基础设施工作组,AI服务器供应商,信息化项目管理工作室,中,否,AI服务器/本地模型环境招标/比选文件正式发布与答疑,重大评审尽量串行；供应商合同后2周进场准备；本节点为正式对外发布节点，必须完成对应系统详细需求包或需求冻结后才能启动。,Contract_Control,,,,,,,,对应系统详细需求包/需求冻结未完成则阻断发布、答疑、评标和商务谈判。,,,正式发布招标/比选文件、组织答疑和后续评标均以需求冻结为前置。
48,2.6.5,AI服务器/本地模型环境-评标/选型与商务谈判,招采,10工作日,2026-11-27,2026-12-10,47,基础设施工作组,基础设施工作组,AI服务器供应商,信息化项目管理工作室,中,否,AI服务器/本地模型环境评标/选型与商务谈判,重大评审尽量串行；供应商合同后2周进场准备,,,,,,,,,,,,
49,2.6.6,AI服务器/本地模型环境-合同审批与签订,合同,8工作日,2026-12-11,2026-12-22,48,基础设施工作组,基础设施工作组,AI服务器供应商,项目决策组,中,否,AI服务器/本地模型环境合同审批与签订,重大评审尽量串行；供应商合同后2周进场准备,Contract_Control,,,,,,,,,,,
50,2.6.7,AI服务器/本地模型环境-供应商进场准备,进场,10工作日,2026-12-23,2027-01-05,49,基础设施工作组,基础设施工作组,AI服务器供应商,信息化项目管理工作室,中,否,AI服务器/本地模型环境供应商进场准备,重大评审尽量串行；供应商合同后2周进场准备,,,,,,,,,,,,
51,2.6.8,AI服务器/本地模型环境-供应商正式进场,里程碑,0工作日,2027-01-06,2027-01-06,50,基础设施工作组,基础设施工作组,AI服务器供应商,信息化项目管理工作室,中,是,AI服务器/本地模型环境供应商正式进场,重大评审尽量串行；供应商合同后2周进场准备,Gate,,是,,,,是,,不通过不得进入对应供应商进场、上线、验收或总体验收下一阶段。,,,
52,2.7,虚拟化/瘦终端平台,摘要,,2026-07-15,2027-01-06,,基础设施工作组,基础设施工作组,基础设施供应商,信息化项目管理工作室,,否,,自动生成父级摘要，用于修复 WBS 树结构,,,,,,,,,,,,
53,2.7.1,虚拟化/瘦终端平台-方案评审材料准备,方案评审,8工作日,2026-07-15,2026-07-24,,基础设施工作组,基础设施工作组,基础设施供应商,信息化项目管理工作室,中,否,虚拟化/瘦终端平台方案评审材料准备,重大评审尽量串行；供应商合同后2周进场准备,,,,,,,,,,,,
54,2.7.2,虚拟化/瘦终端平台-技术方案与预算评审,评审,3工作日,2026-07-27,2026-07-29,53,基础设施工作组,基础设施工作组,基础设施供应商,项目决策组,中,否,虚拟化/瘦终端平台技术方案与预算评审,重大评审尽量串行；供应商合同后2周进场准备,,,,,,,,,,,,
55,2.7.3,虚拟化/瘦终端平台-招标/比选文件草案编制（不发布）,招采,8工作日,2026-07-30,2026-08-10,54,基础设施工作组,基础设施工作组,基础设施供应商,信息化项目管理工作室,中,否,虚拟化/瘦终端平台招标/比选文件草案,重大评审尽量串行；供应商合同后2周进场准备；本节点仅允许形成草案、预算测算和内部评审材料，不允许对外发布招标/比选文件。,Contract_Control,,,,,,,,未完成对应系统详细需求包或需求冻结前，不得发布招标/比选文件。,,,采购准备与正式发布拆分管理，本节点不触发供应商正式投标/比选。
56,2.7.4,虚拟化/瘦终端平台-招标/比选文件正式发布与答疑,招采,18工作日,2026-11-03,2026-11-26,"55,259,279,308",基础设施工作组,基础设施工作组,基础设施供应商,信息化项目管理工作室,中,否,虚拟化/瘦终端平台招标/比选文件正式发布与答疑,重大评审尽量串行；供应商合同后2周进场准备；本节点为正式对外发布节点，必须完成对应系统详细需求包或需求冻结后才能启动。,Contract_Control,,,,,,,,对应系统详细需求包/需求冻结未完成则阻断发布、答疑、评标和商务谈判。,,,正式发布招标/比选文件、组织答疑和后续评标均以需求冻结为前置。
57,2.7.5,虚拟化/瘦终端平台-评标/选型与商务谈判,招采,10工作日,2026-11-27,2026-12-10,56,基础设施工作组,基础设施工作组,基础设施供应商,信息化项目管理工作室,中,否,虚拟化/瘦终端平台评标/选型与商务谈判,重大评审尽量串行；供应商合同后2周进场准备,,,,,,,,,,,,
58,2.7.6,虚拟化/瘦终端平台-合同审批与签订,合同,8工作日,2026-12-11,2026-12-22,57,基础设施工作组,基础设施工作组,基础设施供应商,项目决策组,中,否,虚拟化/瘦终端平台合同审批与签订,重大评审尽量串行；供应商合同后2周进场准备,Contract_Control,,,,,,,,,,,
59,2.7.7,虚拟化/瘦终端平台-供应商进场准备,进场,10工作日,2026-12-23,2027-01-05,58,基础设施工作组,基础设施工作组,基础设施供应商,信息化项目管理工作室,中,否,虚拟化/瘦终端平台供应商进场准备,重大评审尽量串行；供应商合同后2周进场准备,,,,,,,,,,,,
60,2.7.8,虚拟化/瘦终端平台-供应商正式进场,里程碑,0工作日,2027-01-06,2027-01-06,59,基础设施工作组,基础设施工作组,基础设施供应商,信息化项目管理工作室,中,是,虚拟化/瘦终端平台供应商正式进场,重大评审尽量串行；供应商合同后2周进场准备,Gate,,是,,,,是,,不通过不得进入对应供应商进场、上线、验收或总体验收下一阶段。,,,
61,2.8,PLM深化,摘要,,2026-08-17,2027-01-15,,PLM工作组,PLM工作组,PLM供应商,信息化项目管理工作室,,否,,自动生成父级摘要，用于修复 WBS 树结构,,,,,,,,,,,,
62,2.8.1,PLM深化-方案评审材料准备,方案评审,8工作日,2026-08-17,2026-08-26,,PLM工作组,PLM工作组,PLM供应商,信息化项目管理工作室,高,否,PLM深化方案评审材料准备,重大评审尽量串行；供应商合同后2周进场准备,,,,,,,是,,,,,
63,2.8.2,PLM深化-技术方案与预算评审,评审,3工作日,2026-08-27,2026-08-31,62,PLM工作组,PLM工作组,PLM供应商,项目决策组,高,否,PLM深化技术方案与预算评审,重大评审尽量串行；供应商合同后2周进场准备,,,,,,,是,,,,,
64,2.8.3,PLM深化-招标/比选文件草案编制（不发布）,招采,8工作日,2026-09-01,2026-09-10,63,PLM工作组,PLM工作组,PLM供应商,信息化项目管理工作室,高,否,PLM深化招标/比选文件草案,重大评审尽量串行；供应商合同后2周进场准备；本节点仅允许形成草案、预算测算和内部评审材料，不允许对外发布招标/比选文件。,Contract_Control,,,,,,是,,未完成对应系统详细需求包或需求冻结前，不得发布招标/比选文件。,,,采购准备与正式发布拆分管理，本节点不触发供应商正式投标/比选。
65,2.8.4,PLM深化-招标/比选文件正式发布与答疑,招采,25工作日,2026-11-03,2026-12-07,"64,259",PLM工作组,PLM工作组,PLM供应商,信息化项目管理工作室,高,否,PLM深化招标/比选文件正式发布与答疑,重大评审尽量串行；供应商合同后2周进场准备；本节点为正式对外发布节点，必须完成对应系统详细需求包或需求冻结后才能启动。,Contract_Control,,,,,,是,,对应系统详细需求包/需求冻结未完成则阻断发布、答疑、评标和商务谈判。,,,正式发布招标/比选文件、组织答疑和后续评标均以需求冻结为前置。
66,2.8.5,PLM深化-评标/选型与商务谈判,招采,10工作日,2026-12-08,2026-12-21,65,PLM工作组,PLM工作组,PLM供应商,信息化项目管理工作室,高,否,PLM深化评标/选型与商务谈判,重大评审尽量串行；供应商合同后2周进场准备,,,,,,,是,,,,,
67,2.8.6,PLM深化-合同审批与签订,合同,8工作日,2026-12-22,2026-12-31,66,PLM工作组,PLM工作组,PLM供应商,项目决策组,高,否,PLM深化合同审批与签订,重大评审尽量串行；供应商合同后2周进场准备,Contract_Control,,,,,,是,,,,,
68,2.8.7,PLM深化-供应商进场准备,进场,10工作日,2027-01-01,2027-01-14,67,PLM工作组,PLM工作组,PLM供应商,信息化项目管理工作室,高,否,PLM深化供应商进场准备,重大评审尽量串行；供应商合同后2周进场准备,,,,,,,是,,,,,
69,2.8.8,PLM深化-供应商正式进场,里程碑,0工作日,2027-01-15,2027-01-15,68,PLM工作组,PLM工作组,PLM供应商,信息化项目管理工作室,高,是,PLM深化供应商正式进场,重大评审尽量串行；供应商合同后2周进场准备,Gate,,是,,,,是,,不通过不得进入对应供应商进场、上线、验收或总体验收下一阶段。,,,
70,2.9,MES/低代码平台,摘要,,2026-09-01,2027-01-14,,MES工作组,MES工作组,MES供应商;低代码平台供应商,信息化项目管理工作室,,否,,自动生成父级摘要，用于修复 WBS 树结构,,,,,,,,,,,,
71,2.9.1,MES/低代码平台-方案评审材料准备,方案评审,8工作日,2026-09-01,2026-09-10,,MES工作组,MES工作组,MES供应商;低代码平台供应商,信息化项目管理工作室,高,否,MES/低代码平台方案评审材料准备,重大评审尽量串行；供应商合同后2周进场准备,,,,,,,是,,,,,
72,2.9.2,MES/低代码平台-技术方案与预算评审,评审,3工作日,2026-09-11,2026-09-15,71,MES工作组,MES工作组,MES供应商;低代码平台供应商,项目决策组,高,否,MES/低代码平台技术方案与预算评审,重大评审尽量串行；供应商合同后2周进场准备,,,,,,,是,,,,,
73,2.9.3,MES/低代码平台-招标/比选文件草案编制（不发布）,招采,8工作日,2026-09-16,2026-09-25,72,MES工作组,MES工作组,MES供应商;低代码平台供应商,信息化项目管理工作室,高,否,MES/低代码平台招标/比选文件草案,重大评审尽量串行；供应商合同后2周进场准备；本节点仅允许形成草案、预算测算和内部评审材料，不允许对外发布招标/比选文件。,Contract_Control,,,,,,是,,未完成对应系统详细需求包或需求冻结前，不得发布招标/比选文件。,,,采购准备与正式发布拆分管理，本节点不触发供应商正式投标/比选。
74,2.9.4,MES/低代码平台-招标/比选文件正式发布与答疑,招采,25工作日,2026-11-02,2026-12-04,"73,308",MES工作组,MES工作组,MES供应商;低代码平台供应商,信息化项目管理工作室,高,否,MES/低代码平台招标/比选文件正式发布与答疑,重大评审尽量串行；供应商合同后2周进场准备；本节点为正式对外发布节点，必须完成对应系统详细需求包或需求冻结后才能启动。,Contract_Control,,,,,,是,,对应系统详细需求包/需求冻结未完成则阻断发布、答疑、评标和商务谈判。,,,正式发布招标/比选文件、组织答疑和后续评标均以需求冻结为前置。
75,2.9.5,MES/低代码平台-评标/选型与商务谈判,招采,10工作日,2026-12-07,2026-12-18,74,MES工作组,MES工作组,MES供应商;低代码平台供应商,信息化项目管理工作室,高,否,MES/低代码平台评标/选型与商务谈判,重大评审尽量串行；供应商合同后2周进场准备,,,,,,,是,,,,,
76,2.9.6,MES/低代码平台-合同审批与签订,合同,8工作日,2026-12-21,2026-12-30,75,MES工作组,MES工作组,MES供应商;低代码平台供应商,项目决策组,高,否,MES/低代码平台合同审批与签订,重大评审尽量串行；供应商合同后2周进场准备,Contract_Control,,,,,,是,,,,,
77,2.9.7,MES/低代码平台-供应商进场准备,进场,10工作日,2026-12-31,2027-01-13,76,MES工作组,MES工作组,MES供应商;低代码平台供应商,信息化项目管理工作室,高,否,MES/低代码平台供应商进场准备,重大评审尽量串行；供应商合同后2周进场准备,,,,,,,是,,,,,
78,2.9.8,MES/低代码平台-供应商正式进场,里程碑,0工作日,2027-01-14,2027-01-14,77,MES工作组,MES工作组,MES供应商;低代码平台供应商,信息化项目管理工作室,高,是,MES/低代码平台供应商正式进场,重大评审尽量串行；供应商合同后2周进场准备,Gate,,是,,,,是,,不通过不得进入对应供应商进场、上线、验收或总体验收下一阶段。,,,
79,2.10,ERP服务器扩容,摘要,,2026-08-10,2026-11-17,,ERP·OA工作组,ERP·OA工作组,基础设施供应商;用友U8,信息化项目管理工作室,高,否,,当前已有ERP服务器，本阶段仅体现扩容需求、采购/订单、到货验收、U8环境部署与性能验证，不作为新建ERP服务器采购。,,,,,,,是,,,,,
80,2.10.1,ERP服务器现状资源评估与扩容需求确认,需求,5工作日,2026-08-10,2026-08-14,9,ERP·OA工作组,ERP·OA工作组,基础设施供应商;用友U8,信息化项目管理工作室,中,否,ERP扩容需求确认单,ERP已有服务器，本任务体现扩容与环境验证，不重复定义新ERP服务器采购。,,,,,,,,,,,,
81,2.10.2,ERP服务器扩容方案与预算评审,评审,5工作日,2026-08-17,2026-08-21,80,ERP·OA工作组,ERP·OA工作组,基础设施供应商;用友U8,信息化项目管理工作室,高,否,ERP扩容方案与预算评审意见,ERP已有服务器，本任务体现扩容与环境验证，不重复定义新ERP服务器采购。,,,,,,,是,,,,,
82,2.10.3,ERP服务器扩容采购/订单文件草案编制（不下单）,招采,8工作日,2026-08-24,2026-09-02,81,ERP·OA工作组,ERP·OA工作组,基础设施供应商;用友U8,信息化项目管理工作室,中,否,ERP扩容采购/订单文件草案,ERP已有服务器，本任务体现扩容与环境验证，不重复定义新ERP服务器采购。；本节点仅允许形成草案、预算测算和内部评审材料，不允许对外发布招标/比选文件。,Contract_Control,,,,,,,,未完成对应系统详细需求包或需求冻结前，不得发布招标/比选文件。,,,采购准备与正式发布拆分管理，本节点不触发供应商正式投标/比选。
83,2.10.4,ERP服务器扩容正式采购/比选与商务确认,招采,12工作日,2026-10-01,2026-10-16,"82,279",ERP·OA工作组,ERP·OA工作组,基础设施供应商;用友U8,信息化项目管理工作室,中,否,ERP扩容正式采购/比选与商务确认记录,ERP已有服务器，本任务体现扩容与环境验证，不重复定义新ERP服务器采购。；本节点为正式对外发布节点，必须完成对应系统详细需求包或需求冻结后才能启动。,Contract_Control,,,,,,,,对应系统详细需求包/需求冻结未完成则阻断发布、答疑、评标和商务谈判。,,,正式发布招标/比选文件、组织答疑和后续评标均以需求冻结为前置。
84,2.10.5,ERP服务器扩容合同/订单审批,合同,5工作日,2026-10-19,2026-10-23,83,ERP·OA工作组,ERP·OA工作组,基础设施供应商;用友U8,信息化项目管理工作室,中,否,合同/订单审批记录,ERP已有服务器，本任务体现扩容与环境验证，不重复定义新ERP服务器采购。,Contract_Control,,,,,,,,,,,
85,2.10.6,ERP服务器扩容到货验收与资源上架,验收,8工作日,2026-10-26,2026-11-04,84,ERP·OA工作组,ERP·OA工作组,基础设施供应商;用友U8,信息化项目管理工作室,中,否,到货验收单、资源上架记录,ERP已有服务器，本任务体现扩容与环境验证，不重复定义新ERP服务器采购。,,,,,,,是,,,,,
86,2.10.7,ERP U8扩容环境部署与性能验证,部署/验证,8工作日,2026-11-05,2026-11-16,85,ERP·OA工作组,ERP·OA工作组,基础设施供应商;用友U8,信息化项目管理工作室,高,否,U8扩容环境验证报告,ERP已有服务器，本任务体现扩容与环境验证，不重复定义新ERP服务器采购。,,,,,,,是,,,,,
87,2.10.8,ERP服务器扩容完成,里程碑,0工作日,2026-11-17,2026-11-17,86,ERP·OA工作组,ERP·OA工作组,基础设施供应商;用友U8,信息化项目管理工作室,高,是,ERP服务器扩容完成确认单,ERP已有服务器，本任务体现扩容与环境验证，不重复定义新ERP服务器采购。,Gate,,是,,,,是,,不通过不得进入对应供应商进场、上线、验收或总体验收下一阶段。,,,
88,2.11,OA系统采购,摘要,,2026-08-10,2026-12-04,,ERP·OA工作组,ERP·OA工作组,OA供应商,信息化项目管理工作室,高,否,,补充OA系统采购包，覆盖需求、方案预算、招标/比选、合同签订、供应商进场。,Contract_Control,,,,,,是,,,,,
89,2.11.1,OA系统采购需求确认与边界梳理,需求,6工作日,2026-08-10,2026-08-17,9,ERP·OA工作组,ERP·OA工作组,OA供应商,信息化项目管理工作室,中,否,OA采购需求说明,WBS2补充OA系统采购，后续实施/接口改造仍在WBS7 ERP/OA补强中体现。,Contract_Control,,,,,,,,,,,
90,2.11.2,OA系统技术方案与预算评审,评审,5工作日,2026-08-18,2026-08-24,89,ERP·OA工作组,ERP·OA工作组,OA供应商,信息化项目管理工作室,高,否,OA方案与预算评审意见,WBS2补充OA系统采购，后续实施/接口改造仍在WBS7 ERP/OA补强中体现。,,,,,,,是,,,,,
91,2.11.3,OA系统招标/比选文件草案编制（不发布）,招采,8工作日,2026-08-25,2026-09-03,90,ERP·OA工作组,ERP·OA工作组,OA供应商,信息化项目管理工作室,中,否,OA招标/比选文件草案,WBS2补充OA系统采购，后续实施/接口改造仍在WBS7 ERP/OA补强中体现。；本节点仅允许形成草案、预算测算和内部评审材料，不允许对外发布招标/比选文件。,Contract_Control,,,,,,,,未完成对应系统详细需求包或需求冻结前，不得发布招标/比选文件。,,,采购准备与正式发布拆分管理，本节点不触发供应商正式投标/比选。
92,2.11.4,OA系统招标/比选文件正式发布与答疑,招采,18工作日,2026-10-01,2026-10-26,"91,279,298",ERP·OA工作组,ERP·OA工作组,OA供应商,信息化项目管理工作室,中,否,OA招标/比选文件正式发布与答疑记录,WBS2补充OA系统采购，后续实施/接口改造仍在WBS7 ERP/OA补强中体现。；本节点为正式对外发布节点，必须完成对应系统详细需求包或需求冻结后才能启动。,Contract_Control,,,,,,,,对应系统详细需求包/需求冻结未完成则阻断发布、答疑、评标和商务谈判。,,,正式发布招标/比选文件、组织答疑和后续评标均以需求冻结为前置。
93,2.11.5,OA系统评标/选型与商务谈判,招采,10工作日,2026-10-27,2026-11-09,92,ERP·OA工作组,ERP·OA工作组,OA供应商,信息化项目管理工作室,中,否,评标/选型与商务谈判记录,WBS2补充OA系统采购，后续实施/接口改造仍在WBS7 ERP/OA补强中体现。,,,,,,,,,,,,
94,2.11.6,OA系统合同审批与签订,合同,8工作日,2026-11-10,2026-11-19,93,ERP·OA工作组,ERP·OA工作组,OA供应商,信息化项目管理工作室,高,否,OA合同,WBS2补充OA系统采购，后续实施/接口改造仍在WBS7 ERP/OA补强中体现。,Contract_Control,,,,,,是,,,,,
95,2.11.7,OA系统供应商进场准备,进场,10工作日,2026-11-20,2026-12-03,94,ERP·OA工作组,ERP·OA工作组,OA供应商,信息化项目管理工作室,中,否,进场准备清单,WBS2补充OA系统采购，后续实施/接口改造仍在WBS7 ERP/OA补强中体现。,,,,,,,,,,,,
96,2.11.8,OA系统供应商正式进场,里程碑,0工作日,2026-12-04,2026-12-04,95,ERP·OA工作组,ERP·OA工作组,OA供应商,信息化项目管理工作室,高,是,OA供应商进场确认,WBS2补充OA系统采购，后续实施/接口改造仍在WBS7 ERP/OA补强中体现。,Gate,,是,,,,是,,不通过不得进入对应供应商进场、上线、验收或总体验收下一阶段。,,,
97,2.12,设备数据采集硬件/网关,摘要,,2027-05-10,2027-08-18,,MES工作组,MES工作组,设备采集供应商,信息化项目管理工作室,,否,,自动生成父级摘要，用于修复 WBS 树结构,,,,,,,,,,,,
98,2.12.1,设备数据采集硬件/网关-方案评审材料准备,方案评审,8工作日,2027-05-10,2027-05-19,,MES工作组,MES工作组,设备采集供应商,信息化项目管理工作室,中,否,设备数据采集硬件/网关方案评审材料准备,重大评审尽量串行；供应商合同后2周进场准备,,,,,,,,,,,,
99,2.12.2,设备数据采集硬件/网关-技术方案与预算评审,评审,3工作日,2027-05-20,2027-05-24,98,MES工作组,MES工作组,设备采集供应商,项目决策组,中,否,设备数据采集硬件/网关技术方案与预算评审,重大评审尽量串行；供应商合同后2周进场准备,,,,,,,,,,,,
100,2.12.3,设备数据采集硬件/网关-招标/比选文件草案编制（不发布）,招采,8工作日,2027-05-25,2027-06-03,99,MES工作组,MES工作组,设备采集供应商,信息化项目管理工作室,中,否,设备数据采集硬件/网关招标/比选文件草案,重大评审尽量串行；供应商合同后2周进场准备；本节点仅允许形成草案、预算测算和内部评审材料，不允许对外发布招标/比选文件。,Contract_Control,,,,,,,,未完成对应系统详细需求包或需求冻结前，不得发布招标/比选文件。,,,采购准备与正式发布拆分管理，本节点不触发供应商正式投标/比选。
101,2.12.4,设备数据采集硬件/网关-招标/比选文件正式发布与答疑,招采,25工作日,2027-06-04,2027-07-08,"100,377",MES工作组,MES工作组,设备采集供应商,信息化项目管理工作室,中,否,设备数据采集硬件/网关招标/比选文件正式发布与答疑,重大评审尽量串行；供应商合同后2周进场准备；本节点为正式对外发布节点，必须完成对应系统详细需求包或需求冻结后才能启动。,Contract_Control,,,,,,,,对应系统详细需求包/需求冻结未完成则阻断发布、答疑、评标和商务谈判。,,,正式发布招标/比选文件、组织答疑和后续评标均以需求冻结为前置。
102,2.12.5,设备数据采集硬件/网关-评标/选型与商务谈判,招采,10工作日,2027-07-09,2027-07-22,101,MES工作组,MES工作组,设备采集供应商,信息化项目管理工作室,中,否,设备数据采集硬件/网关评标/选型与商务谈判,重大评审尽量串行；供应商合同后2周进场准备,,,,,,,,,,,,
103,2.12.6,设备数据采集硬件/网关-合同审批与签订,合同,8工作日,2027-07-23,2027-08-03,102,MES工作组,MES工作组,设备采集供应商,项目决策组,中,否,设备数据采集硬件/网关合同审批与签订,重大评审尽量串行；供应商合同后2周进场准备,Contract_Control,,,,,,,,,,,
104,2.12.7,设备数据采集硬件/网关-供应商进场准备,进场,10工作日,2027-08-04,2027-08-17,103,MES工作组,MES工作组,设备采集供应商,信息化项目管理工作室,中,否,设备数据采集硬件/网关供应商进场准备,重大评审尽量串行；供应商合同后2周进场准备,,,,,,,,,,,,
105,2.12.8,设备数据采集硬件/网关-供应商正式进场,里程碑,0工作日,2027-08-18,2027-08-18,104,MES工作组,MES工作组,设备采集供应商,信息化项目管理工作室,中,是,设备数据采集硬件/网关供应商正式进场,重大评审尽量串行；供应商合同后2周进场准备,Gate,,是,,,,是,,不通过不得进入对应供应商进场、上线、验收或总体验收下一阶段。,,,
106,3,数据标准与主数据治理,摘要,,2026-06-08,2028-01-31,,信息化项目组,信息化项目组,,,中,否,,MDM先行，支撑PLM/MES/ERP集成,,,,,,,,,,,,
107,3.1,组织/部门/岗位/人员标准,摘要,,2026-06-08,2026-07-01,,MDM工作组,MDM工作组,,各部门授权审核员;数据质量工作组,,否,,自动生成父级摘要，用于修复 WBS 树结构,,,,,,,,,,,,
108,3.1.1,组织/部门/岗位/人员标准-现状盘点,调研,5工作日,2026-06-08,2026-06-12,,MDM工作组,MDM工作组,,各部门授权审核员;数据质量工作组,中,否,组织人员标准,所有资源均按瓶颈处理，关键评审避免重叠,,,,,,,,,,,,
109,3.1.2,组织/部门/岗位/人员标准-标准草案编制,设计,6工作日,2026-06-15,2026-06-22,108,MDM工作组,MDM工作组,,各部门授权审核员;数据质量工作组,中,否,组织人员标准,所有资源均按瓶颈处理，关键评审避免重叠,,,,,,,,,,,,
110,3.1.3,组织/部门/岗位/人员标准-业务评审,评审,3工作日,2026-06-23,2026-06-25,109,MDM工作组,MDM工作组,,各部门授权审核员;数据质量工作组,中,否,组织人员标准,所有资源均按瓶颈处理，关键评审避免重叠,,,,,,,,,,,,
111,3.1.4,组织/部门/岗位/人员标准-修订确认,修订,4工作日,2026-06-26,2026-07-01,110,MDM工作组,MDM工作组,,各部门授权审核员;数据质量工作组,中,否,组织人员标准,所有资源均按瓶颈处理，关键评审避免重叠,,,,,,,,,,,,
112,3.2,物料分类与物料编码标准,摘要,,2026-07-02,2026-07-27,,MDM工作组,MDM工作组,,各部门授权审核员;数据质量工作组,,否,,自动生成父级摘要，用于修复 WBS 树结构,,,,,,,,,,,,
113,3.2.1,物料分类与物料编码标准-现状盘点,调研,5工作日,2026-07-02,2026-07-08,,MDM工作组,MDM工作组,,各部门授权审核员;数据质量工作组,高,否,物料分类、编码规则、属性模板,所有资源均按瓶颈处理，关键评审避免重叠,,,,,,,是,,,,,
114,3.2.2,物料分类与物料编码标准-标准草案编制,设计,6工作日,2026-07-09,2026-07-16,113,MDM工作组,MDM工作组,,各部门授权审核员;数据质量工作组,高,否,物料分类、编码规则、属性模板,所有资源均按瓶颈处理，关键评审避免重叠,,,,,,,是,,,,,
115,3.2.3,物料分类与物料编码标准-业务评审,评审,3工作日,2026-07-17,2026-07-21,114,MDM工作组,MDM工作组,,各部门授权审核员;数据质量工作组,高,否,物料分类、编码规则、属性模板,所有资源均按瓶颈处理，关键评审避免重叠,,,,,,,是,,,,,
116,3.2.4,物料分类与物料编码标准-修订确认,修订,4工作日,2026-07-22,2026-07-27,115,MDM工作组,MDM工作组,,各部门授权审核员;数据质量工作组,高,否,物料分类、编码规则、属性模板,所有资源均按瓶颈处理，关键评审避免重叠,,,,,,,是,,,,,
117,3.3,EBOM/PBOM/MBOM数据口径,摘要,,2026-07-28,2026-08-20,,MDM工作组,MDM工作组,,各部门授权审核员;数据质量工作组,,否,,自动生成父级摘要，用于修复 WBS 树结构,,,,,,,,,,,,
118,3.3.1,EBOM/PBOM/MBOM数据口径-现状盘点,调研,5工作日,2026-07-28,2026-08-03,,MDM工作组,MDM工作组,,各部门授权审核员;数据质量工作组,高,否,三类BOM口径说明,所有资源均按瓶颈处理，关键评审避免重叠,,,,,,,是,,,,,
119,3.3.2,EBOM/PBOM/MBOM数据口径-标准草案编制,设计,6工作日,2026-08-04,2026-08-11,118,MDM工作组,MDM工作组,,各部门授权审核员;数据质量工作组,高,否,三类BOM口径说明,所有资源均按瓶颈处理，关键评审避免重叠,,,,,,,是,,,,,
120,3.3.3,EBOM/PBOM/MBOM数据口径-业务评审,评审,3工作日,2026-08-12,2026-08-14,119,MDM工作组,MDM工作组,,各部门授权审核员;数据质量工作组,高,否,三类BOM口径说明,所有资源均按瓶颈处理，关键评审避免重叠,,,,,,,是,,,,,
121,3.3.4,EBOM/PBOM/MBOM数据口径-修订确认,修订,4工作日,2026-08-17,2026-08-20,120,MDM工作组,MDM工作组,,各部门授权审核员;数据质量工作组,高,否,三类BOM口径说明,所有资源均按瓶颈处理，关键评审避免重叠,,,,,,,是,,,,,
122,3.4,工艺资源标准,摘要,,2026-08-21,2026-09-15,,MDM工作组,MDM工作组,,各部门授权审核员;数据质量工作组,,否,,自动生成父级摘要，用于修复 WBS 树结构,,,,,,,,,,,,
123,3.4.1,工艺资源标准-现状盘点,调研,5工作日,2026-08-21,2026-08-27,,MDM工作组,MDM工作组,,各部门授权审核员;数据质量工作组,中,否,设备、工装、工具、工位标准,所有资源均按瓶颈处理，关键评审避免重叠,,,,,,,,,,,,
124,3.4.2,工艺资源标准-标准草案编制,设计,6工作日,2026-08-28,2026-09-04,123,MDM工作组,MDM工作组,,各部门授权审核员;数据质量工作组,中,否,设备、工装、工具、工位标准,所有资源均按瓶颈处理，关键评审避免重叠,,,,,,,,,,,,
125,3.4.3,工艺资源标准-业务评审,评审,3工作日,2026-09-07,2026-09-09,124,MDM工作组,MDM工作组,,各部门授权审核员;数据质量工作组,中,否,设备、工装、工具、工位标准,所有资源均按瓶颈处理，关键评审避免重叠,,,,,,,,,,,,
126,3.4.4,工艺资源标准-修订确认,修订,4工作日,2026-09-10,2026-09-15,125,MDM工作组,MDM工作组,,各部门授权审核员;数据质量工作组,中,否,设备、工装、工具、工位标准,所有资源均按瓶颈处理，关键评审避免重叠,,,,,,,,,,,,
127,3.5,供应商/客户/项目/架次标准,摘要,,2026-09-16,2026-10-09,,MDM工作组,MDM工作组,,各部门授权审核员;数据质量工作组,,否,,自动生成父级摘要，用于修复 WBS 树结构,,,,,,,,,,,,
128,3.5.1,供应商/客户/项目/架次标准-现状盘点,调研,5工作日,2026-09-16,2026-09-22,,MDM工作组,MDM工作组,,各部门授权审核员;数据质量工作组,中,否,供应商客户项目架次模板,所有资源均按瓶颈处理，关键评审避免重叠,,,,,,,,,,,,
129,3.5.2,供应商/客户/项目/架次标准-标准草案编制,设计,6工作日,2026-09-23,2026-09-30,128,MDM工作组,MDM工作组,,各部门授权审核员;数据质量工作组,中,否,供应商客户项目架次模板,所有资源均按瓶颈处理，关键评审避免重叠,,,,,,,,,,,,
130,3.5.3,供应商/客户/项目/架次标准-业务评审,评审,3工作日,2026-10-01,2026-10-05,129,MDM工作组,MDM工作组,,各部门授权审核员;数据质量工作组,中,否,供应商客户项目架次模板,所有资源均按瓶颈处理，关键评审避免重叠,,,,,,,,,,,,
131,3.5.4,供应商/客户/项目/架次标准-修订确认,修订,4工作日,2026-10-06,2026-10-09,130,MDM工作组,MDM工作组,,各部门授权审核员;数据质量工作组,中,否,供应商客户项目架次模板,所有资源均按瓶颈处理，关键评审避免重叠,,,,,,,,,,,,
132,3.6,库房/库位/批次/条码规则,摘要,,2026-10-12,2026-11-04,,MDM工作组,MDM工作组,,各部门授权审核员;数据质量工作组,,否,,自动生成父级摘要，用于修复 WBS 树结构,,,,,,,,,,,,
133,3.6.1,库房/库位/批次/条码规则-现状盘点,调研,5工作日,2026-10-12,2026-10-16,,MDM工作组,MDM工作组,,各部门授权审核员;数据质量工作组,中,否,库房库位批次条码规则,所有资源均按瓶颈处理，关键评审避免重叠,,,,,,,,,,,,
134,3.6.2,库房/库位/批次/条码规则-标准草案编制,设计,6工作日,2026-10-19,2026-10-26,133,MDM工作组,MDM工作组,,各部门授权审核员;数据质量工作组,中,否,库房库位批次条码规则,所有资源均按瓶颈处理，关键评审避免重叠,,,,,,,,,,,,
135,3.6.3,库房/库位/批次/条码规则-业务评审,评审,3工作日,2026-10-27,2026-10-29,134,MDM工作组,MDM工作组,,各部门授权审核员;数据质量工作组,中,否,库房库位批次条码规则,所有资源均按瓶颈处理，关键评审避免重叠,,,,,,,,,,,,
136,3.6.4,库房/库位/批次/条码规则-修订确认,修订,4工作日,2026-10-30,2026-11-04,135,MDM工作组,MDM工作组,,各部门授权审核员;数据质量工作组,中,否,库房库位批次条码规则,所有资源均按瓶颈处理，关键评审避免重叠,,,,,,,,,,,,
137,3.7,主数据清洗去重补全,摘要,,2026-11-05,2026-11-30,,MDM工作组,MDM工作组,,各部门授权审核员;数据质量工作组,,否,,自动生成父级摘要，用于修复 WBS 树结构,,,,,,,,,,,,
138,3.7.1,主数据清洗去重补全-现状盘点,调研,5工作日,2026-11-05,2026-11-11,,MDM工作组,MDM工作组,,各部门授权审核员;数据质量工作组,中,否,数据清洗报告,所有资源均按瓶颈处理，关键评审避免重叠,,,,,,,,,,,,
139,3.7.2,主数据清洗去重补全-标准草案编制,设计,6工作日,2026-11-12,2026-11-19,138,MDM工作组,MDM工作组,,各部门授权审核员;数据质量工作组,中,否,数据清洗报告,所有资源均按瓶颈处理，关键评审避免重叠,,,,,,,,,,,,
140,3.7.3,主数据清洗去重补全-业务评审,评审,3工作日,2026-11-20,2026-11-24,139,MDM工作组,MDM工作组,,各部门授权审核员;数据质量工作组,中,否,数据清洗报告,所有资源均按瓶颈处理，关键评审避免重叠,,,,,,,,,,,,
141,3.7.4,主数据清洗去重补全-修订确认,修订,4工作日,2026-11-25,2026-11-30,140,MDM工作组,MDM工作组,,各部门授权审核员;数据质量工作组,中,否,数据清洗报告,所有资源均按瓶颈处理，关键评审避免重叠,,,,,,,,,,,,
142,3.8,数据质量问题清单建立,摘要,,2026-12-01,2026-12-24,,MDM工作组,MDM工作组,,各部门授权审核员;数据质量工作组,,否,,自动生成父级摘要，用于修复 WBS 树结构,,,,,,,,,,,,
143,3.8.1,数据质量问题清单建立-现状盘点,调研,5工作日,2026-12-01,2026-12-07,,MDM工作组,MDM工作组,,各部门授权审核员;数据质量工作组,中,否,数据质量问题清单,所有资源均按瓶颈处理，关键评审避免重叠,,,,,,,,,,,,
144,3.8.2,数据质量问题清单建立-标准草案编制,设计,6工作日,2026-12-08,2026-12-15,143,MDM工作组,MDM工作组,,各部门授权审核员;数据质量工作组,中,否,数据质量问题清单,所有资源均按瓶颈处理，关键评审避免重叠,,,,,,,,,,,,
145,3.8.3,数据质量问题清单建立-业务评审,评审,3工作日,2026-12-16,2026-12-18,144,MDM工作组,MDM工作组,,各部门授权审核员;数据质量工作组,中,否,数据质量问题清单,所有资源均按瓶颈处理，关键评审避免重叠,,,,,,,,,,,,
146,3.8.4,数据质量问题清单建立-修订确认,修订,4工作日,2026-12-21,2026-12-24,145,MDM工作组,MDM工作组,,各部门授权审核员;数据质量工作组,中,否,数据质量问题清单,所有资源均按瓶颈处理，关键评审避免重叠,,,,,,,,,,,,
147,3.9,主数据标准V1.0发布培训,摘要,,2026-12-25,2027-01-19,,MDM工作组,MDM工作组,,各部门授权审核员;数据质量工作组,,否,,自动生成父级摘要，用于修复 WBS 树结构,,,,,,,,,,,,
148,3.9.1,主数据标准V1.0发布培训-现状盘点,调研,5工作日,2026-12-25,2026-12-31,,MDM工作组,MDM工作组,,各部门授权审核员;数据质量工作组,中,否,发布材料与培训记录,所有资源均按瓶颈处理，关键评审避免重叠,,,,,,,,,,,,
149,3.9.2,主数据标准V1.0发布培训-标准草案编制,设计,6工作日,2027-01-01,2027-01-08,148,MDM工作组,MDM工作组,,各部门授权审核员;数据质量工作组,中,否,发布材料与培训记录,所有资源均按瓶颈处理，关键评审避免重叠,,,,,,,,,,,,
150,3.9.3,主数据标准V1.0发布培训-业务评审,评审,3工作日,2027-01-11,2027-01-13,149,MDM工作组,MDM工作组,,各部门授权审核员;数据质量工作组,中,否,发布材料与培训记录,所有资源均按瓶颈处理，关键评审避免重叠,,,,,,,,,,,,
151,3.9.4,主数据标准V1.0发布培训-修订确认,修订,4工作日,2027-01-14,2027-01-19,150,MDM工作组,MDM工作组,,各部门授权审核员;数据质量工作组,中,否,发布材料与培训记录,所有资源均按瓶颈处理，关键评审避免重叠,,,,,,,,,,,,
438,3.10,主数据版本发布与交底机制,摘要,,2026-08-14,2028-01-31,,MDM工作组,MDM工作组,,,高,否,,语义分组新增二级摘要；原二级任务已下沉到本工作包。,,,,,,,,,,,,
152,3.10.1,数据标准V1.0发布,里程碑,0工作日,2027-01-20,2027-01-20,151,MDM工作组,MDM工作组,,项目决策组,高,是,数据标准V1.0,,Gate,,是,,,主数据版本控制,是,,,,,
153,3.10.2,主数据V0.8设计版冻结,里程碑,0工作日,2026-08-14,2026-08-14,,MDM工作组,MDM工作组,,数据质量工作组;项目决策组,中,是,主数据对象清单、初版编码规则,放行范围：业务蓝图、原型设计；禁止推进：核心接口开发、正式数据迁移,MDM_Version,,是,V0.8,,主数据版本控制,是,,,,,
154,3.10.3,主数据V0.8技术交底会,评审/交底,3工作日,2026-08-17,2026-08-19,153,MDM工作组,MDM工作组,,数据质量工作组;项目决策组,中,否,技术交底纪要,放行范围：各系统蓝图设计,MDM_Version,,,V0.8,,,是,,,,,
155,3.10.4,主数据V0.9字段草案发布,里程碑,0工作日,2026-09-11,2026-09-11,154,MDM工作组,MDM工作组,,数据质量工作组;项目决策组,中,是,字段草案、映射表,放行范围：单体配置、测试样例准备；禁止推进：生产接口开发、正式联调,MDM_Version,,是,V0.9,,主数据版本控制,是,,,,,
156,3.10.5,主数据V0.9变更影响评估,评审,5工作日,2026-09-14,2026-09-18,155,MDM工作组,MDM工作组,,数据质量工作组;项目决策组,中,否,变更影响评估表,放行范围：控制V0.8到V0.9变化,MDM_Version,,,V0.9,,,是,,,,,
157,3.10.6,主数据V1.0开发版冻结,里程碑,0工作日,2026-12-31,2026-12-31,156,MDM工作组,MDM工作组,,数据质量工作组;项目决策组,高,是,主数据标准V1.0,放行范围：核心接口开发、数据清洗、接口规格冻结；禁止推进：全系统联调、主数据分发终验,MDM_Version,G3,是,V1.0,,,是,,,,,
158,3.10.7,主数据V1.0书面技术交底,交底,3工作日,2027-01-04,2027-01-06,157,MDM工作组,MDM工作组,,数据质量工作组;项目决策组,高,否,交底签收单,放行范围：接口开发启动,MDM_Version,G3,,V1.0,,,是,,,,,
159,3.10.8,主数据V1.1联调版冻结,里程碑,0工作日,2027-04-07,2027-04-07,158,MDM工作组,MDM工作组,,数据质量工作组;项目决策组,高,是,主数据标准V1.1,放行范围：全系统联调、全流程业务测试、主数据一致性校验；禁止推进：无审批的标准变更,MDM_Version,G4,是,V1.1,,,是,,,,,
160,3.10.9,主数据版本变更台账维护,管理,全过程,2026-08-20,2028-01-31,,MDM工作组,MDM工作组,,数据质量工作组;项目决策组,中,否,版本变更台账,放行范围：全周期,MDM_Version,,,全版本,,,是,,,,,
161,3.10.10,主数据变更24小时交底机制,管理,全过程,2026-08-20,2028-01-31,,MDM工作组,MDM工作组,,数据质量工作组;项目决策组,高,否,交底记录、签收记录,放行范围：A类重大变更,MDM_Version,,是,全版本,A类,主数据版本控制,是,,,,,
162,4,MDM建设准备与数据治理沉淀,摘要,,2026-07-01,2027-02-03,,信息化项目组,信息化项目组,,,中,否,,本期不承诺MDM平台开发上线；聚焦主数据规则、映射、质量校验、过渡期规则中心与数据治理沉淀,MDM_Version,,,,,,是,,,,,
439,4.1,范围与对象边界,摘要,,2026-07-01,2026-07-22,,MDM工作组,MDM工作组,,,高,否,,语义分组新增二级摘要；原二级任务已下沉到本工作包。,,,,,,,,,,,,
163,4.1.1,流程地图与数据地图范围确认,调研,8工作日,2026-07-01,2026-07-10,,MDM工作组,MDM工作组,,信息化项目管理工作室;数据质量工作组,高,否,流程地图范围清单,本阶段聚焦流程地图、数据地图、主数据对象和治理规则沉淀；不作为MDM平台开发上线承诺。,MDM_Version,,,,,,是,,,,,
164,4.1.2,主数据对象与责任边界梳理,调研,8工作日,2026-07-13,2026-07-22,163,MDM工作组,MDM工作组,,信息化项目管理工作室;数据质量工作组,高,否,主数据对象清单、责任边界清单,本阶段聚焦流程地图、数据地图、主数据对象和治理规则沉淀；不作为MDM平台开发上线承诺。,MDM_Version,,,,,,是,,,,,
440,4.2,模型与映射关系,摘要,,2026-07-23,2026-08-11,,MDM工作组,MDM工作组,,,高,否,,语义分组新增二级摘要；原二级任务已下沉到本工作包。,,,,,,,,,,,,
165,4.2.1,元数据模型与字段口径梳理,设计,6工作日,2026-07-23,2026-07-30,164,MDM工作组,MDM工作组,,信息化项目管理工作室;数据质量工作组,高,否,元数据模型、字段口径表,本阶段聚焦流程地图、数据地图、主数据对象和治理规则沉淀；不作为MDM平台开发上线承诺。,MDM_Version,,,,,,是,,,,,
166,4.2.2,主数据模型与映射关系整理,设计,8工作日,2026-07-31,2026-08-11,165,MDM工作组,MDM工作组,,信息化项目管理工作室;数据质量工作组,高,否,主数据模型、映射关系表,本阶段聚焦流程地图、数据地图、主数据对象和治理规则沉淀；不作为MDM平台开发上线承诺。,MDM_Version,,,,,,是,,,,,
441,4.3,治理角色与版本分发,摘要,,2026-08-12,2026-08-27,,MDM工作组,MDM工作组,,,高,否,,语义分组新增二级摘要；原二级任务已下沉到本工作包。,,,,,,,,,,,,
167,4.3.1,治理角色与权限边界设计,设计,6工作日,2026-08-12,2026-08-19,166,MDM工作组,MDM工作组,,信息化项目管理工作室;数据质量工作组,高,否,治理角色、权限边界说明,本阶段聚焦流程地图、数据地图、主数据对象和治理规则沉淀；不作为MDM平台开发上线承诺。,MDM_Version,,,,,,是,,,,,
168,4.3.2,版本管理与分发口径设计,设计,6工作日,2026-08-20,2026-08-27,167,MDM工作组,MDM工作组,,信息化项目管理工作室;数据质量工作组,高,否,版本与分发口径,本阶段聚焦流程地图、数据地图、主数据对象和治理规则沉淀；不作为MDM平台开发上线承诺。,MDM_Version,,,,,,是,,,,,
442,4.4,数据质量规则与指标,摘要,,2026-08-28,2026-09-11,,MDM工作组,MDM工作组,,,高,否,,语义分组新增二级摘要；原二级任务已下沉到本工作包。,,,,,,,,,,,,
169,4.4.1,数据质量规则库整理,设计,6工作日,2026-08-28,2026-09-04,168,MDM工作组,MDM工作组,,信息化项目管理工作室;数据质量工作组,高,否,数据质量规则库,本阶段聚焦流程地图、数据地图、主数据对象和治理规则沉淀；不作为MDM平台开发上线承诺。,MDM_Version,,,,,,是,,,,,
170,4.4.2,数据质量指标口径整理,设计,5工作日,2026-09-07,2026-09-11,169,MDM工作组,MDM工作组,,信息化项目管理工作室;数据质量工作组,高,否,数据质量指标口径,本阶段聚焦流程地图、数据地图、主数据对象和治理规则沉淀；不作为MDM平台开发上线承诺。,MDM_Version,,,,,,是,,,,,
443,4.5,治理资料库与台账样例,摘要,,2026-09-14,2026-10-29,,MDM工作组,MDM工作组,,,高,否,,语义分组新增二级摘要；原二级任务已下沉到本工作包。,,,,,,,,,,,,
171,4.5.1,治理资料库与版本台账建立,管理,4工作日,2026-09-14,2026-09-17,170,MDM工作组,MDM工作组,,信息化项目管理工作室;数据质量工作组,高,否,治理资料库、版本台账,本阶段聚焦流程地图、数据地图、主数据对象和治理规则沉淀；不作为MDM平台开发上线承诺。,MDM_Version,,,,,,是,,,,,
172,4.5.2,主数据规则台账样例整理,设计,12工作日,2026-09-18,2026-10-05,171,MDM工作组,MDM工作组,,信息化项目管理工作室;数据质量工作组,高,否,主数据规则台账样例,本阶段聚焦流程地图、数据地图、主数据对象和治理规则沉淀；不作为MDM平台开发上线承诺。,MDM_Version,,,,,,是,,,,,
173,4.5.3,主数据变更审核口径整理,设计,10工作日,2026-10-06,2026-10-19,172,MDM工作组,MDM工作组,,信息化项目管理工作室;数据质量工作组,高,否,变更审核口径,本阶段聚焦流程地图、数据地图、主数据对象和治理规则沉淀；不作为MDM平台开发上线承诺。,MDM_Version,,,,,,是,,,,,
174,4.5.4,版本管理样例整理,设计,8工作日,2026-10-20,2026-10-29,173,MDM工作组,MDM工作组,,信息化项目管理工作室;数据质量工作组,高,否,版本管理样例,本阶段聚焦流程地图、数据地图、主数据对象和治理规则沉淀；不作为MDM平台开发上线承诺。,MDM_Version,,,,,,是,,,,,
444,4.6,分发接口与质量校验口径,摘要,,2026-10-30,2026-12-16,,MDM工作组,MDM工作组,,,高,否,,语义分组新增二级摘要；原二级任务已下沉到本工作包。,,,,,,,,,,,,
175,4.6.1,分发规则与接口校验口径整理,设计,10工作日,2026-10-30,2026-11-12,174,MDM工作组,MDM工作组,,信息化项目管理工作室;数据质量工作组,高,否,分发规则与接口校验口径,本阶段聚焦流程地图、数据地图、主数据对象和治理规则沉淀；不作为MDM平台开发上线承诺。,MDM_Version,,,,,,是,,,,,
176,4.6.2,质量规则与接口校验口径整理,设计,10工作日,2026-11-13,2026-11-26,175,MDM工作组,MDM工作组,,信息化项目管理工作室;数据质量工作组,高,否,质量规则与接口校验口径,本阶段聚焦流程地图、数据地图、主数据对象和治理规则沉淀；不作为MDM平台开发上线承诺。,MDM_Version,,,,,,是,,,,,
177,4.6.3,数据质量看板样例整理,设计,8工作日,2026-11-27,2026-12-08,176,MDM工作组,MDM工作组,,信息化项目管理工作室;数据质量工作组,高,否,数据质量看板样例,本阶段聚焦流程地图、数据地图、主数据对象和治理规则沉淀；不作为MDM平台开发上线承诺。,MDM_Version,,,,,,是,,,,,
178,4.6.4,数据纠正通知机制口径整理,设计,6工作日,2026-12-09,2026-12-16,177,MDM工作组,MDM工作组,,信息化项目管理工作室;数据质量工作组,高,否,纠正通知机制口径,本阶段聚焦流程地图、数据地图、主数据对象和治理规则沉淀；不作为MDM平台开发上线承诺。,MDM_Version,,,,,,是,,,,,
445,4.7,AI辅助治理与跨系统评审,摘要,,2026-12-17,2027-01-20,,MDM工作组,MDM工作组,,,高,否,,语义分组新增二级摘要；原二级任务已下沉到本工作包。,,,,,,,,,,,,
179,4.7.1,AI辅助治理文档整理规范制定,管理,4工作日,2026-12-17,2026-12-22,178,MDM工作组,MDM工作组,,信息化项目管理工作室;数据质量工作组,高,否,AI辅助治理文档规范,本阶段聚焦流程地图、数据地图、主数据对象和治理规则沉淀；不作为MDM平台开发上线承诺。,MDM_Version,,,,,,是,,,,,
180,4.7.2,治理样例核对与问题修正,评审,8工作日,2026-12-23,2027-01-01,179,MDM工作组,MDM工作组,,信息化项目管理工作室;数据质量工作组,高,否,核对记录、问题修正清单,本阶段聚焦流程地图、数据地图、主数据对象和治理规则沉淀；不作为MDM平台开发上线承诺。,MDM_Version,,,,,,是,,,,,
181,4.7.3,跨系统主数据口径一致性评审,评审,8工作日,2027-01-04,2027-01-13,180,MDM工作组,MDM工作组,,信息化项目管理工作室;数据质量工作组,高,否,一致性评审记录,本阶段聚焦流程地图、数据地图、主数据对象和治理规则沉淀；不作为MDM平台开发上线承诺。,MDM_Version,,,,,,是,,,,,
182,4.7.4,治理资料使用说明编制,培训,5工作日,2027-01-14,2027-01-20,181,MDM工作组,MDM工作组,,信息化项目管理工作室;数据质量工作组,高,否,治理资料使用说明,本阶段聚焦流程地图、数据地图、主数据对象和治理规则沉淀；不作为MDM平台开发上线承诺。,MDM_Version,,,,,,是,,,,,
446,4.8,阶段评审与试运行验收,摘要,,2027-01-21,2027-02-03,,MDM工作组,MDM工作组,,,高,否,,语义分组新增二级摘要；原二级任务已下沉到本工作包。,,,,,,,,,,,,
183,4.8.1,数据治理沉淀评审准备,评审,3工作日,2027-01-21,2027-01-25,182,MDM工作组,MDM工作组,,信息化项目管理工作室;数据质量工作组,高,否,评审材料,本阶段聚焦流程地图、数据地图、主数据对象和治理规则沉淀；不作为MDM平台开发上线承诺。,MDM_Version,,,,,,是,,,,,
184,4.8.2,过渡期规则中心可用口径确认,里程碑,0工作日,2027-01-26,2027-01-26,183,MDM工作组,MDM工作组,,项目决策组,高,是,规则中心可用性确认单,本阶段聚焦流程地图、数据地图、主数据对象和治理规则沉淀；不作为MDM平台开发上线承诺。,MDM_Version,G3,是,,,,是,主数据规则中心/数据治理沉淀阶段门,不通过不得作为WBS9联调规则中心准入依据,,,
185,4.8.3,规则中心试运行口径报告,验收,5工作日,2027-01-27,2027-02-02,184,MDM工作组,MDM工作组,,信息化项目管理工作室;数据质量工作组,高,否,规则中心试运行口径报告,本阶段聚焦流程地图、数据地图、主数据对象和治理规则沉淀；不作为MDM平台开发上线承诺。,MDM_Version,,,,,,是,,,,,
186,4.8.4,MDM建设准备与数据治理沉淀阶段验收,里程碑,0工作日,2027-02-03,2027-02-03,185,MDM工作组,MDM工作组,,项目决策组,高,是,MDM建设准备验收报告,本阶段聚焦流程地图、数据地图、主数据对象和治理规则沉淀；如需重启平台建设，须另行形成决策和资源基线。,MDM_Version,G6,是,,,,是,主数据规则中心/数据治理沉淀阶段门,不通过不得关闭MDM建设准备阶段,,,
187,5,基础设施与AI运行环境,摘要,,2026-08-03,2027-01-20,,信息化项目组,信息化项目组,,,中,否,,基础设施先行，满足MES测试环境前置条件；AI先支撑数据治理沉淀和知识库,,,,,,,,,,,,
188,5.1,基础资源先行交付,摘要,,2026-08-03,2026-09-25,,基础设施工作组,基础设施工作组,基础设施供应商,信息化项目管理工作室,高,否,基础资源交付包,支撑业务系统测试环境，区别于WBS5基础环境终验。,Infra_Phased,G4,是,,,,是,,,,,
189,5.1.1,基础虚拟化资源池初始化,部署,10工作日,2026-08-03,2026-08-14,,基础设施工作组,基础设施工作组,基础设施供应商,信息化项目管理工作室,高,否,虚拟化初始化记录,G4测试环境验收硬指标前置：资源、网络、访问矩阵、备份Agent、首次备份、恢复抽检、监控、账号、日志。,Infra_Phased,G4,是,,,,是,,,,,
190,5.1.2,基础网络与管理网开通,部署,10工作日,2026-08-17,2026-08-28,189,基础设施工作组,基础设施工作组,基础设施供应商,信息化项目管理工作室,高,否,网络开通记录,G4测试环境验收硬指标前置：资源、网络、访问矩阵、备份Agent、首次备份、恢复抽检、监控、账号、日志。,Infra_Phased,G4,是,,,,是,,,,,
191,5.1.3,测试环境资源配额确认,评审,5工作日,2026-08-31,2026-09-04,190,基础设施工作组,基础设施工作组,基础设施供应商,信息化项目管理工作室,高,否,测试环境资源配额表,G4测试环境验收硬指标前置：资源、网络、访问矩阵、备份Agent、首次备份、恢复抽检、监控、账号、日志。,Infra_Phased,G4,是,,,,是,,,,,
192,5.1.4,PLM测试环境资源交付,里程碑,0工作日,2026-09-07,2026-09-07,191,基础设施工作组,基础设施工作组,基础设施供应商,信息化项目管理工作室,高,是,PLM测试环境资源交付单,G4测试环境验收硬指标前置：资源、网络、访问矩阵、备份Agent、首次备份、恢复抽检、监控、账号、日志。,Infra_Phased,G4,是,,,,是,,,,,
193,5.1.5,MES/低代码平台测试环境资源交付,里程碑,0工作日,2026-09-14,2026-09-14,191,基础设施工作组,基础设施工作组,基础设施供应商,信息化项目管理工作室,高,是,MES/低代码平台测试环境资源交付单,G4测试环境验收硬指标前置：资源、网络、访问矩阵、备份Agent、首次备份、恢复抽检、监控、账号、日志。,Infra_Phased,G4,是,,,,是,,,,,
194,5.1.6,ERP/OA测试环境资源交付,里程碑,0工作日,2026-09-21,2026-09-21,191,基础设施工作组,基础设施工作组,基础设施供应商,信息化项目管理工作室,高,是,ERP/OA测试环境资源交付单,G4测试环境验收硬指标前置：资源、网络、访问矩阵、备份Agent、首次备份、恢复抽检、监控、账号、日志。,Infra_Phased,G4,是,,,,是,,,,,
195,5.1.7,基础资源先行交付验收,验收,3工作日,2026-09-23,2026-09-25,"192,193,194",基础设施工作组,基础设施工作组,基础设施供应商,信息化项目管理工作室,高,否,基础资源交付验收报告,G4测试环境验收硬指标前置：资源、网络、访问矩阵、备份Agent、首次备份、恢复抽检、监控、账号、日志。,Infra_Phased,G4,是,,,,是,,,,,
196,5.2,服务器与虚拟化平台,摘要,,2026-08-17,2026-09-29,,基础设施工作组,基础设施工作组,基础设施供应商,网络工程负责人;技术架构负责人,,否,,自动生成父级摘要，用于修复 WBS 树结构,Infra_Phased,,,,,,,,,,,
197,5.2.1,服务器与虚拟化平台-到货验收,验收,3工作日,2026-08-17,2026-08-19,,基础设施工作组,基础设施工作组,基础设施供应商,网络工程负责人;技术架构负责人,中,否,服务器与虚拟化平台到货验收,基础设施应早于MES测试环境搭建,Infra_Phased,,,,,,是,,,,,
198,5.2.2,服务器与虚拟化平台-虚拟化部署,部署,7工作日,2026-08-20,2026-08-28,197,基础设施工作组,基础设施工作组,基础设施供应商,网络工程负责人;技术架构负责人,中,否,服务器与虚拟化平台虚拟化部署,基础设施应早于MES测试环境搭建,Infra_Phased,,,,,,,,,,,
199,5.2.3,服务器与虚拟化平台-资源池配置,部署,7工作日,2026-08-31,2026-09-08,198,基础设施工作组,基础设施工作组,基础设施供应商,网络工程负责人;技术架构负责人,中,否,服务器与虚拟化平台资源池配置,基础设施应早于MES测试环境搭建,Infra_Phased,,,,,,,,,,,
200,5.2.4,资源池隔离划分与业务落位确认,设计/配置,5工作日,2026-09-09,2026-09-15,199,基础设施工作组,基础设施工作组,,信息化项目管理工作室;技术架构组,高,否,PLM/MES/ERP/VDI/AI独立资源池分配表,明确计算、存储、网络、安全边界和业务落位；作为后续测试环境和生产环境部署依据。,Infra_Phased,,,,,,是,,,,,
201,5.2.5,服务器与虚拟化平台-高可用测试,测试,7工作日,2026-09-16,2026-09-24,200,基础设施工作组,基础设施工作组,基础设施供应商,网络工程负责人;技术架构负责人,中,否,服务器与虚拟化平台高可用测试,基础设施应早于MES测试环境搭建,Infra_Phased,,,,,,,,,,,
202,5.2.6,服务器与虚拟化平台-验收,验收,3工作日,2026-09-25,2026-09-29,201,基础设施工作组,基础设施工作组,基础设施供应商,网络工程负责人;技术架构负责人,中,否,服务器与虚拟化平台验收,基础设施应早于MES测试环境搭建,Infra_Phased,,,,,,是,,,,,
203,5.3,存储与备份,摘要,,2026-09-01,2026-11-02,,基础设施工作组,基础设施工作组,基础设施供应商,网络工程负责人;技术架构负责人,,否,,自动生成父级摘要，用于修复 WBS 树结构,Infra_Phased,,,,,,,,,,,
204,5.3.1,存储与备份-存储部署,部署,7工作日,2026-09-01,2026-09-09,,基础设施工作组,基础设施工作组,基础设施供应商,网络工程负责人;技术架构负责人,中,否,存储与备份存储部署,基础设施应早于MES测试环境搭建,Infra_Phased,,,,,,,,,,,
205,5.3.2,存储与备份-备份方案配置,部署,7工作日,2026-09-10,2026-09-18,204,基础设施工作组,基础设施工作组,基础设施供应商,网络工程负责人;技术架构负责人,中,否,存储与备份备份方案配置,基础设施应早于MES测试环境搭建,Infra_Phased,,,,,,,,,,,
206,5.3.3,统一备份平台业务纳管接入,部署,7工作日,2026-09-21,2026-09-29,205,基础设施工作组,基础设施工作组,,信息化项目管理工作室,高,否,各系统备份代理部署清单、业务纳管确认单,覆盖PLM、MES、ERP、QMS、MDM、数据库与关键文件库。,Infra_Phased,,,,,,是,,,,,
207,5.3.4,不可变备份/防勒索策略配置与验证,部署/测试,7工作日,2026-09-30,2026-10-08,206,基础设施工作组,基础设施工作组,,信息化项目管理工作室;数据质量工作组,高,否,不可变备份策略、恢复验证记录、防勒索策略验证报告,形成不可篡改备份、隔离保留、恢复验证的闭环证据。,Infra_Phased,,,,,,是,,,,,
208,5.3.5,存储与备份-备份策略测试,测试,7工作日,2026-10-09,2026-10-19,207,基础设施工作组,基础设施工作组,基础设施供应商,网络工程负责人;技术架构负责人,中,否,存储与备份备份策略测试,基础设施应早于MES测试环境搭建,Infra_Phased,,,,,,,,,,,
209,5.3.6,存储与备份-恢复演练,测试,7工作日,2026-10-20,2026-10-28,208,基础设施工作组,基础设施工作组,基础设施供应商,网络工程负责人;技术架构负责人,中,否,存储与备份恢复演练,基础设施应早于MES测试环境搭建,Infra_Phased,,,,,,,,,,,
210,5.3.7,存储与备份-验收,验收,3工作日,2026-10-29,2026-11-02,209,基础设施工作组,基础设施工作组,基础设施供应商,网络工程负责人;技术架构负责人,中,否,存储与备份验收,基础设施应早于MES测试环境搭建,Infra_Phased,,,,,,是,,,,,
211,5.4,网络与安全,摘要,,2026-08-17,2026-10-14,,基础设施工作组,基础设施工作组,基础设施供应商,网络工程负责人;技术架构负责人,,否,,自动生成父级摘要，用于修复 WBS 树结构,Infra_Phased,,,,,,,,,,,
212,5.4.1,机房电力/制冷改造施工与验收,施工/验收,21工作日,2026-08-17,2026-09-14,36,基础设施工作组,基础设施工作组,,信息化项目管理工作室;项目决策组,高,否,机房电力/制冷改造验收单,必须在GPU服务器到货前完成；覆盖UPS扩容、PDU、机柜承重、散热改造。,Infra_Phased,,是,,,,是,,,作为验收或付款资料的一部分，需保留评审、验收或问题闭环证据。,,
213,5.4.2,网络与安全-网络规划,设计,7工作日,2026-08-24,2026-09-01,,基础设施工作组,基础设施工作组,基础设施供应商,网络工程负责人;技术架构负责人,中,否,网络与安全网络规划,基础设施应早于MES测试环境搭建,Infra_Phased,,,,,,,,,,,
214,5.4.3,网络与安全-安全策略配置,部署,7工作日,2026-09-02,2026-09-10,213,基础设施工作组,基础设施工作组,基础设施供应商,网络工程负责人;技术架构负责人,中,否,网络与安全安全策略配置,基础设施应早于MES测试环境搭建,Infra_Phased,,,,,,,,,,,
215,5.4.4,存储网/备份网/心跳网多平面网络隔离联调,联调,7工作日,2026-09-11,2026-09-21,214,基础设施工作组,基础设施工作组,,信息化项目管理工作室;网络工程组,高,否,多平面网络隔离联调记录,覆盖存储网、备份网、心跳网，避免业务网与管理/备份/集群网络混用。,Infra_Phased,,,,,,是,,,,,
216,5.4.5,网络与安全-账号权限基线,设计,7工作日,2026-09-22,2026-09-30,215,基础设施工作组,基础设施工作组,基础设施供应商,网络工程负责人;技术架构负责人,中,否,网络与安全账号权限基线,基础设施应早于MES测试环境搭建,Infra_Phased,,,,,,,,,,,
217,5.4.6,网络与安全-日志审计配置,部署,7工作日,2026-10-01,2026-10-09,216,基础设施工作组,基础设施工作组,基础设施供应商,网络工程负责人;技术架构负责人,中,否,网络与安全日志审计配置,基础设施应早于MES测试环境搭建,Infra_Phased,,,,,,,,,,,
218,5.4.7,网络与安全-验收,验收,3工作日,2026-10-12,2026-10-14,217,基础设施工作组,基础设施工作组,基础设施供应商,网络工程负责人;技术架构负责人,中,否,网络与安全验收,基础设施应早于MES测试环境搭建,Infra_Phased,,,,,,是,,,,,
219,5.5,数据库与中间件,摘要,,2026-09-15,2026-11-25,,基础设施工作组,基础设施工作组,基础设施供应商,网络工程负责人;技术架构负责人,,否,,自动生成父级摘要，用于修复 WBS 树结构,Infra_Phased,,,,,,,,,,,
220,5.5.1,数据库与中间件-数据库部署,部署,7工作日,2026-09-15,2026-09-23,,基础设施工作组,基础设施工作组,基础设施供应商,网络工程负责人;技术架构负责人,中,否,数据库与中间件数据库部署,基础设施应早于MES测试环境搭建,Infra_Phased,,,,,,,,,,,
221,5.5.2,数据库与中间件-中间件部署,部署,7工作日,2026-09-24,2026-10-02,220,基础设施工作组,基础设施工作组,基础设施供应商,网络工程负责人;技术架构负责人,中,否,数据库与中间件中间件部署,基础设施应早于MES测试环境搭建,Infra_Phased,,,,,,,,,,,
222,5.5.3,Oracle RAC/Data Guard 集群部署与调优,部署/调优,10工作日,2026-10-05,2026-10-16,221,基础设施工作组,基础设施工作组,,信息化项目管理工作室;技术架构组,高,否,Oracle RAC/Data Guard部署与调优报告,作为ERP、MES、PLM等关键数据库集群能力和容灾能力基础。,Infra_Phased,,,,,,是,,,,,
223,5.5.4,数据库与中间件-测试环境搭建,部署,7工作日,2026-10-19,2026-10-27,222,基础设施工作组,基础设施工作组,基础设施供应商,网络工程负责人;技术架构负责人,中,否,数据库与中间件测试环境搭建,基础设施应早于MES测试环境搭建,Infra_Phased,,,,,,,,,,,
224,5.5.5,数据库与中间件-预生产环境搭建,部署,7工作日,2026-10-28,2026-11-05,223,基础设施工作组,基础设施工作组,基础设施供应商,网络工程负责人;技术架构负责人,高,否,数据库与中间件预生产环境搭建,基础设施应早于MES测试环境搭建,Infra_Phased,,,,,,是,,,,,
225,5.5.6,数据库与中间件-生产环境搭建,部署,7工作日,2026-11-06,2026-11-16,224,基础设施工作组,基础设施工作组,基础设施供应商,网络工程负责人;技术架构负责人,高,否,数据库与中间件生产环境搭建,基础设施应早于MES测试环境搭建,Infra_Phased,,,,,,是,,,,,
226,5.5.7,数据库容灾切换演练与RPO/RTO验证,演练/验证,7工作日,2026-11-17,2026-11-25,225,基础设施工作组,基础设施工作组,,信息化项目管理工作室;项目决策组,高,否,数据库容灾切换演练报告、RPO/RTO验证记录,验证数据库级容灾切换、恢复点目标和恢复时间目标。,Infra_Phased,,,,,,是,,,,,
227,5.6,AI服务器与本地模型,摘要,,2026-09-15,2026-11-23,,基础设施工作组,基础设施工作组,基础设施供应商;AI服务器供应商,网络工程负责人;技术架构负责人,,否,,自动生成父级摘要，用于修复 WBS 树结构,Infra_Phased,,,,,,,,,,,
228,5.6.1,AI服务器与本地模型-硬件到货验收,验收,3工作日,2026-09-15,2026-09-17,212,基础设施工作组,基础设施工作组,基础设施供应商;AI服务器供应商,网络工程负责人;技术架构负责人,高,否,AI服务器与本地模型硬件到货验收,基础设施应早于MES测试环境搭建,Infra_Phased,,是,,,,是,,,作为验收或付款资料的一部分，需保留评审、验收或问题闭环证据。,,
229,5.6.2,Ansys Fluent 环境部署与 GPU Solver 适配确认,部署/适配,9工作日,2026-09-18,2026-09-30,228,基础设施工作组,基础设施工作组,,信息化项目管理工作室;技术架构组,高,否,Ansys Fluent环境部署记录、GPU Solver适配确认单,用于热分布、抽壳湍流模型、复合材料成型工装等仿真场景的GPU求解能力确认。,Infra_Phased,,,,,,是,,,,,
230,5.6.3,Ansys Fluent 代表模型基准测试与验收,测试/验收,7工作日,2026-10-01,2026-10-09,229,基础设施工作组,基础设施工作组,,信息化项目管理工作室;工程技术部,高,否,Fluent代表模型基准测试报告、验收结论,以代表性模型验证GPU Solver加速效果、稳定性、显存占用和并发能力。,Infra_Phased,,是,,,,是,,,作为验收或付款资料的一部分，需保留评审、验收或问题闭环证据。,,
231,5.6.4,AI服务器与本地模型-模型服务部署,部署,7工作日,2026-10-12,2026-10-20,230,基础设施工作组,基础设施工作组,基础设施供应商;AI服务器供应商,网络工程负责人;技术架构负责人,高,否,AI服务器与本地模型模型服务部署,基础设施应早于MES测试环境搭建,Infra_Phased,,,,,,是,,,,,
232,5.6.5,AI服务器与本地模型-代码助手接入,部署,7工作日,2026-10-21,2026-10-29,231,基础设施工作组,基础设施工作组,基础设施供应商;AI服务器供应商,网络工程负责人;技术架构负责人,高,否,AI服务器与本地模型代码助手接入,基础设施应早于MES测试环境搭建,Infra_Phased,,,,,,是,,,,,
233,5.6.6,AI服务器与本地模型-知识库原型,设计,7工作日,2026-10-30,2026-11-09,232,基础设施工作组,基础设施工作组,基础设施供应商;AI服务器供应商,网络工程负责人;技术架构负责人,高,否,AI服务器与本地模型知识库原型,基础设施应早于MES测试环境搭建,Infra_Phased,,,,,,是,,,,,
234,5.6.7,AI服务器与本地模型-MDM辅助开发试点,测试,7工作日,2026-11-10,2026-11-18,233,基础设施工作组,基础设施工作组,基础设施供应商;AI服务器供应商,网络工程负责人;技术架构负责人,高,否,AI服务器与本地模型MDM辅助开发试点,基础设施应早于MES测试环境搭建,Infra_Phased,,,,,,是,,,,,
235,5.6.8,AI服务器与本地模型-试点效果报告,测试,3工作日,2026-11-19,2026-11-23,234,基础设施工作组,基础设施工作组,基础设施供应商;AI服务器供应商,网络工程负责人;技术架构负责人,高,否,AI服务器与本地模型试点效果报告,基础设施应早于MES测试环境搭建,Infra_Phased,,,,,,是,,,,,
236,5.7,虚拟桌面/瘦终端平台,摘要,,2026-10-12,2026-11-23,,基础设施工作组,基础设施工作组,基础设施供应商,网络工程负责人;技术架构负责人,,否,,自动生成父级摘要，用于修复 WBS 树结构,Infra_Phased,,,,,,,,,,,
237,5.7.1,虚拟桌面/瘦终端平台-平台部署,部署,7工作日,2026-10-12,2026-10-20,,基础设施工作组,基础设施工作组,基础设施供应商,网络工程负责人;技术架构负责人,中,否,虚拟桌面/瘦终端平台平台部署,基础设施应早于MES测试环境搭建,Infra_Phased,,,,,,,,,,,
238,5.7.2,虚拟桌面/瘦终端平台-镜像模板,设计,7工作日,2026-10-21,2026-10-29,237,基础设施工作组,基础设施工作组,基础设施供应商,网络工程负责人;技术架构负责人,中,否,虚拟桌面/瘦终端平台镜像模板,基础设施应早于MES测试环境搭建,Infra_Phased,,,,,,,,,,,
239,5.7.3,虚拟桌面/瘦终端平台-账号权限,设计,7工作日,2026-10-30,2026-11-09,238,基础设施工作组,基础设施工作组,基础设施供应商,网络工程负责人;技术架构负责人,中,否,虚拟桌面/瘦终端平台账号权限,基础设施应早于MES测试环境搭建,Infra_Phased,,,,,,,,,,,
240,5.7.4,虚拟桌面/瘦终端平台-试点接入,部署,7工作日,2026-11-10,2026-11-18,239,基础设施工作组,基础设施工作组,基础设施供应商,网络工程负责人;技术架构负责人,中,否,虚拟桌面/瘦终端平台试点接入,基础设施应早于MES测试环境搭建,Infra_Phased,,,,,,,,,,,
241,5.7.5,虚拟桌面/瘦终端平台-验收,验收,3工作日,2026-11-19,2026-11-23,240,基础设施工作组,基础设施工作组,基础设施供应商,网络工程负责人;技术架构负责人,中,否,虚拟桌面/瘦终端平台验收,基础设施应早于MES测试环境搭建,Infra_Phased,,,,,,是,,,,,
242,5.8,运维监控与日志审计,摘要,,2026-11-02,2026-12-18,,基础设施工作组,基础设施工作组,基础设施供应商,网络工程负责人;技术架构负责人,,否,,自动生成父级摘要，用于修复 WBS 树结构,Infra_Phased,,,,,,,,,,,
243,5.8.1,运维监控与日志审计-监控指标设计,设计,7工作日,2026-11-02,2026-11-10,,基础设施工作组,基础设施工作组,基础设施供应商,网络工程负责人;技术架构负责人,中,否,运维监控与日志审计监控指标设计,基础设施应早于MES测试环境搭建,Infra_Phased,,,,,,,,,,,
244,5.8.2,运维监控与日志审计-监控平台配置,部署,7工作日,2026-11-11,2026-11-19,243,基础设施工作组,基础设施工作组,基础设施供应商,网络工程负责人;技术架构负责人,中,否,运维监控与日志审计监控平台配置,基础设施应早于MES测试环境搭建,Infra_Phased,,,,,,,,,,,
245,5.8.3,运维监控与日志审计-日志审计联调,设计,7工作日,2026-11-20,2026-11-30,244,基础设施工作组,基础设施工作组,基础设施供应商,网络工程负责人;技术架构负责人,中,否,运维监控与日志审计日志审计联调,基础设施应早于MES测试环境搭建,Infra_Phased,,,,,,,,,,,
246,5.8.4,运维监控与日志审计-告警演练,测试,7工作日,2026-12-01,2026-12-09,245,基础设施工作组,基础设施工作组,基础设施供应商,网络工程负责人;技术架构负责人,中,否,运维监控与日志审计告警演练,基础设施应早于MES测试环境搭建,Infra_Phased,,,,,,,,,,,
247,5.8.5,运维监控与日志审计-运维移交,设计,7工作日,2026-12-10,2026-12-18,246,基础设施工作组,基础设施工作组,基础设施供应商,网络工程负责人;技术架构负责人,中,否,运维监控与日志审计运维移交,基础设施应早于MES测试环境搭建,Infra_Phased,,,,,,,,,,,
248,5.9,防勒索与统一灾备体系整体验收,摘要,,2027-01-15,2027-01-19,,基础设施工作组,基础设施工作组,基础设施供应商,信息化项目管理工作室;项目决策组,高,否,,汇总不可变备份、防勒索、容灾恢复与统一灾备体系的整体能力验收。,Infra_Phased,,是,,,,是,,,,,
249,5.9.1,基础设施防勒索与统一灾备体系整体验收,验收,3工作日,2027-01-15,2027-01-19,"210,226,247",基础设施工作组,基础设施工作组,基础设施供应商,信息化项目管理工作室;项目决策组,高,否,基础设施防勒索与统一灾备体系整体验收报告,作为基础设施生产环境就绪前的关键阶段门。,Infra_Phased,,是,,,,是,,,作为验收或付款资料的一部分，需保留评审、验收或问题闭环证据。,,
447,5.10,基础设施生产环境就绪确认,摘要,,2027-01-20,2027-01-20,,基础设施工作组,基础设施工作组,,,高,否,,语义分组新增二级摘要；原二级任务已下沉到本工作包。,,,,,,,,,,,,
250,5.10.1,基础设施生产环境就绪,里程碑,0工作日,2027-01-20,2027-01-20,"202,210,218,226,235,241,247,249",基础设施工作组,基础设施工作组,基础设施供应商,项目决策组,高,是,生产环境就绪确认单,,Gate,,是,,,,是,,不通过不得进入对应供应商进场、上线、验收或总体验收下一阶段。,,,
251,6,PLM基础深化,摘要,,2026-08-03,2027-05-04,,信息化项目组,信息化项目组,,,中,否,,供应商确定前只做内部调研和方案，深化以实际开发集成进度为准,,,,,,,,,,,,
448,6.1,规范草案与集成方案,摘要,,2026-08-03,2026-11-02,,PLM工作组,PLM工作组,,,高,否,,语义分组新增二级摘要；原二级任务已下沉到本工作包。,,,,,,,,,,,,
252,6.1.1,PLM内部调研与问题清单,调研,10工作日,2026-08-03,2026-08-14,,PLM工作组,PLM工作组,,PLM工作组组长;信息化项目管理工作室,中,否,PLM问题清单,供应商未定前只做内部调研和方案,,,,,,,,,,,,
253,6.1.2,图文档管理规范草案,设计,8工作日,2026-08-17,2026-08-26,252,PLM工作组,PLM工作组,,PLM工作组组长;信息化项目管理工作室,中,否,图文档管理规范,供应商未定前只做内部调研和方案,,,,,,,,,,,,
254,6.1.3,EBOM规范草案,设计,8工作日,2026-08-27,2026-09-07,253,PLM工作组,PLM工作组,,PLM工作组组长;信息化项目管理工作室,中,否,EBOM规范,供应商未定前只做内部调研和方案,,,,,,,,,,,,
255,6.1.4,EBOM到MBOM转换规则草案,设计,10工作日,2026-09-08,2026-09-21,254,PLM工作组,PLM工作组,,PLM工作组组长;信息化项目管理工作室,高,否,转换规则草案,供应商未定前只做内部调研和方案,,,,,,,是,,,,,
256,6.1.5,工艺文件结构化模板草案,设计,10工作日,2026-09-22,2026-10-05,255,PLM工作组,PLM工作组,,PLM工作组组长;信息化项目管理工作室,中,否,结构化模板,供应商未定前只做内部调研和方案,,,,,,,,,,,,
257,6.1.6,ECN/ECO流程方案草案,设计,8工作日,2026-10-06,2026-10-15,256,PLM工作组,PLM工作组,,PLM工作组组长;信息化项目管理工作室,中,否,ECN/ECO方案,供应商未定前只做内部调研和方案,,,,,,,,,,,,
258,6.1.7,PLM主数据标准映射方案草案,设计,6工作日,2026-10-16,2026-10-23,257,PLM工作组,PLM工作组,,PLM工作组组长;信息化项目管理工作室,中,否,集成方案,按最终执行版统一口径：本期不使用“MDM平台联调”表述，改为主数据标准映射/一致性校验/规则接口校验。,,,,,,,,,,,,
259,6.1.8,PLM-MES集成方案草案,设计,6工作日,2026-10-26,2026-11-02,258,PLM工作组,PLM工作组,,PLM工作组组长;信息化项目管理工作室,中,否,集成方案,供应商未定前只做内部调研和方案；作为 PLM 正式招标发布前的内部需求与接口边界输入。,,,,,,,,,PLM图文档、EBOM、MBOM、ECN/ECO、主数据和集成边界未完成，不得发布 PLM 正式招标文件。,,,PLM正式招标发布前置门。
449,6.2,供应商复核与配置方案确认,摘要,,2026-12-01,2026-12-24,,PLM工作组,PLM工作组,,,高,否,,语义分组新增二级摘要；原二级任务已下沉到本工作包。,,,,,,,,,,,,
260,6.2.1,供应商复核与深化蓝图,设计,10工作日,2026-12-01,2026-12-14,259,PLM工作组,PLM工作组,PLM供应商,PLM工作组组长,高,否,PLM深化蓝图,最好全有，以实际开发和集成进度为准,,,,,,,是,,,,,
261,6.2.2,PLM配置/开发方案确认,设计,8工作日,2026-12-15,2026-12-24,260,PLM工作组,PLM工作组,PLM供应商,PLM工作组组长,高,否,配置开发方案,最好全有，以实际开发和集成进度为准,,,,,,,是,,,,,
450,6.3,模块配置开发,摘要,,2026-12-25,2027-03-05,,PLM工作组,PLM工作组,,,高,否,,语义分组新增二级摘要；原二级任务已下沉到本工作包。,,,,,,,,,,,,
262,6.3.1,图文档模块配置/开发,开发,12工作日,2026-12-25,2027-01-11,261,PLM工作组,PLM工作组,PLM供应商,PLM工作组组长,高,否,模块配置,最好全有，以实际开发和集成进度为准,,,,,,,是,,,,,
263,6.3.2,EBOM规范化配置/开发,开发,12工作日,2027-01-12,2027-01-27,262,PLM工作组,PLM工作组,PLM供应商,PLM工作组组长,高,否,模块配置,最好全有，以实际开发和集成进度为准,,,,,,,是,,,,,
264,6.3.3,工艺结构化配置/开发,开发,15工作日,2027-01-28,2027-02-17,263,PLM工作组,PLM工作组,PLM供应商,PLM工作组组长,高,否,模块配置,最好全有，以实际开发和集成进度为准,,,,,,,是,,,,,
265,6.3.4,ECN/ECO流程配置/开发,开发,12工作日,2027-02-18,2027-03-05,264,PLM工作组,PLM工作组,PLM供应商,PLM工作组组长,高,否,流程配置,最好全有，以实际开发和集成进度为准,,,,,,,是,,,,,
451,6.4,联调与系统测试,摘要,,2027-03-08,2027-04-16,,PLM工作组,PLM工作组,,,高,否,,语义分组新增二级摘要；原二级任务已下沉到本工作包。,,,,,,,,,,,,
266,6.4.1,PLM主数据标准映射联调,开发/联调,10工作日,2027-03-08,2027-03-19,265,PLM工作组,PLM工作组,PLM供应商,PLM工作组组长,高,否,接口联调记录,按最终执行版统一口径：本期不使用“MDM平台联调”表述，改为主数据标准映射/一致性校验/规则接口校验。,,,,,,,是,,,,,
267,6.4.2,PLM-MES接口开发联调,开发/联调,10工作日,2027-03-22,2027-04-02,266,PLM工作组,PLM工作组,PLM供应商,PLM工作组组长,高,否,接口联调记录,最好全有，以实际开发和集成进度为准,,,,,,,是,,,,,
268,6.4.3,PLM系统测试,测试,10工作日,2027-04-05,2027-04-16,267,PLM工作组,PLM工作组,PLM供应商,PLM工作组组长,高,否,测试报告,最好全有，以实际开发和集成进度为准,,,,,,,是,,,,,
452,6.5,用户培训,摘要,,2027-04-19,2027-04-26,,PLM工作组,PLM工作组,,,高,否,,语义分组新增二级摘要；原二级任务已下沉到本工作包。,,,,,,,,,,,,
269,6.5.1,PLM用户培训,培训,5工作日,2027-04-19,2027-04-23,268,PLM工作组,PLM工作组,PLM供应商,PLM工作组组长,高,否,培训记录,最好全有，以实际开发和集成进度为准,,,,,,,是,,,,,
270,6.5.2,PLM正式上线,里程碑,0工作日,2027-04-26,2027-04-26,,PLM工作组,PLM工作组,PLM供应商,项目决策组,高,是,上线确认单,最好全有，以实际开发和集成进度为准,Gate,,是,,,,是,,不通过不得进入对应供应商进场、上线、验收或总体验收下一阶段。,,,
453,6.6,验收准备与阶段验收,摘要,,2027-04-27,2027-05-04,,PLM工作组,PLM工作组,,,高,否,,语义分组新增二级摘要；原二级任务已下沉到本工作包。,,,,,,,,,,,,
271,6.6.1,PLM基础深化验收准备,验收,5工作日,2027-04-27,2027-05-03,270,PLM工作组,PLM工作组,PLM供应商,工程技术部;项目决策组,高,否,验收材料,最好全有，以实际开发和集成进度为准,,,是,,,,是,,,作为验收或付款资料的一部分，需保留评审、验收或问题闭环证据。,,
272,6.6.2,PLM基础深化验收,里程碑,0工作日,2027-05-04,2027-05-04,271,PLM工作组,PLM工作组,PLM供应商,工程技术部;项目决策组,高,是,PLM验收报告,最好全有，以实际开发和集成进度为准,Gate,,是,,,,是,,,作为验收或付款资料的一部分，需保留评审、验收或问题闭环证据。,,
273,7,ERP/OA补强,摘要,,2026-08-03,2027-04-09,,信息化项目组,信息化项目组,,,中,否,,现有用友U8；包含MRP、采购计划、生产计划补强；WBS2已补充ERP服务器扩容与OA系统采购，WBS7继续体现ERP/OA补强实施与接口改造。,,,,,,,,,,,,
454,7.1,现状分析与需求规格,摘要,,2026-08-03,2026-09-30,,ERP·OA工作组,ERP·OA工作组,,,高,否,,语义分组新增二级摘要；原二级任务已下沉到本工作包。,,,,,,,,,,,,
274,7.1.1,ERP/OA现状与差距分析,调研,10工作日,2026-08-03,2026-08-14,,ERP·OA工作组,ERP·OA工作组,用友U8,财务部;信息化项目管理工作室,中,否,差距分析报告,已有用友U8；2026年不只做接口，还做MRP/采购计划/生产计划补强,,,,,,,,,,,,
275,7.1.2,MRP补强需求规格,需求,10工作日,2026-08-17,2026-08-28,274,ERP·OA工作组,ERP·OA工作组,用友U8,财务部;信息化项目管理工作室,高,否,MRP需求规格,已有用友U8；2026年不只做接口，还做MRP/采购计划/生产计划补强,,,,,,,是,,,,,
276,7.1.3,采购计划补强需求规格,需求,8工作日,2026-08-31,2026-09-09,275,ERP·OA工作组,ERP·OA工作组,用友U8,财务部;信息化项目管理工作室,中,否,采购计划需求规格,已有用友U8；2026年不只做接口，还做MRP/采购计划/生产计划补强,,,,,,,,,,,,
277,7.1.4,生产计划补强需求规格,需求,8工作日,2026-09-10,2026-09-21,276,ERP·OA工作组,ERP·OA工作组,用友U8,财务部;信息化项目管理工作室,中,否,生产计划需求规格,已有用友U8；2026年不只做接口，还做MRP/采购计划/生产计划补强,,,,,,,,,,,,
278,7.1.5,OA待办与流程集成需求,需求,6工作日,2026-09-22,2026-09-29,277,ERP·OA工作组,ERP·OA工作组,用友U8,财务部;信息化项目管理工作室,中,否,OA集成需求,已有用友U8；2026年不只做接口，还做MRP/采购计划/生产计划补强,,,,,,,,,,,,
279,7.1.6,ERP/OA需求冻结,里程碑,0工作日,2026-09-30,2026-09-30,278,ERP·OA工作组,ERP·OA工作组,用友U8,项目决策组,高,是,需求冻结确认单,已有用友U8；2026年不只做接口，还做MRP/采购计划/生产计划补强；作为 ERP 扩容和 OA 正式采购发布的需求冻结门。,Gate,,是,,,,是,,7.2-7.5需求未完成，不得发布 ERP/OA 正式采购或招标文件。,,,ERP/OA正式采购发布前置门。
455,7.2,主数据与接口方案,摘要,,2026-09-30,2026-10-22,,ERP·OA工作组,ERP·OA工作组,,,高,否,,语义分组新增二级摘要；原二级任务已下沉到本工作包。,,,,,,,,,,,,
280,7.2.1,ERP主数据标准映射方案,设计,8工作日,2026-09-30,2026-10-09,278,ERP·OA工作组,ERP·OA工作组,用友U8,财务部;信息化项目管理工作室,中,否,接口方案,按最终执行版统一口径：本期不使用“MDM平台联调”表述，改为主数据标准映射/一致性校验/规则接口校验。,,,,,,,,,,,,
281,7.2.2,ERP-MES接口方案,设计,8工作日,2026-10-12,2026-10-21,280,ERP·OA工作组,ERP·OA工作组,用友U8,财务部;信息化项目管理工作室,中,否,接口方案,已有用友U8；2026年不只做接口，还做MRP/采购计划/生产计划补强,,,,,,,,,,,,
282,7.2.3,ERP/OA接口方案评审通过,里程碑,0工作日,2026-10-22,2026-10-22,,ERP·OA工作组,ERP·OA工作组,用友U8,项目决策组,高,是,方案评审结论,已有用友U8；2026年不只做接口，还做MRP/采购计划/生产计划补强,Gate,,是,,,,是,,不通过不得进入对应供应商进场、上线、验收或总体验收下一阶段。,,,
456,7.3,模块配置开发与单元测试,摘要,,2026-10-22,2027-02-04,,ERP·OA工作组,ERP·OA工作组,,,高,否,,语义分组新增二级摘要；原二级任务已下沉到本工作包。,,,,,,,,,,,,
283,7.3.1,MRP模块配置/开发,开发,20工作日,2026-10-22,2026-11-18,281,ERP·OA工作组,ERP·OA工作组,用友U8,财务部;信息化项目管理工作室,高,否,MRP模块,已有用友U8；2026年不只做接口，还做MRP/采购计划/生产计划补强,,,,,,,是,,,,,
284,7.3.2,采购计划模块配置/开发,开发,15工作日,2026-11-19,2026-12-09,283,ERP·OA工作组,ERP·OA工作组,用友U8,财务部;信息化项目管理工作室,中,否,采购计划模块,已有用友U8；2026年不只做接口，还做MRP/采购计划/生产计划补强,,,,,,,,,,,,
285,7.3.3,生产计划模块配置/开发,开发,15工作日,2026-12-10,2026-12-30,284,ERP·OA工作组,ERP·OA工作组,用友U8,财务部;信息化项目管理工作室,中,否,生产计划模块,已有用友U8；2026年不只做接口，还做MRP/采购计划/生产计划补强,,,,,,,,,,,,
286,7.3.4,OA待办接口配置/开发,开发,10工作日,2026-12-31,2027-01-13,285,ERP·OA工作组,ERP·OA工作组,用友U8,财务部;信息化项目管理工作室,中,否,OA接口,已有用友U8；不只做接口，还做MRP/采购计划/生产计划补强,,,,,,,,,,,,
287,7.3.5,ERP/OA单元测试,测试,8工作日,2027-01-14,2027-01-25,286,ERP·OA工作组,ERP·OA工作组,用友U8,财务部;信息化项目管理工作室,中,否,测试记录,已有用友U8；不只做接口，还做MRP/采购计划/生产计划补强,,,,,,,,,,,,
288,7.3.6,ERP主数据一致性联调,联调,8工作日,2027-01-26,2027-02-04,287,ERP·OA工作组,ERP·OA工作组,用友U8,财务部;信息化项目管理工作室,中,否,联调记录,按最终执行版统一口径：本期不使用“MDM平台联调”表述，改为主数据标准映射/一致性校验/规则接口校验。,,,,,,,,,,,,
457,7.4,联调、培训与验收,摘要,,2027-02-05,2027-03-05,,ERP·OA工作组,ERP·OA工作组,,,高,否,,语义分组新增二级摘要；原二级任务已下沉到本工作包。,,,,,,,,,,,,
289,7.4.1,ERP-MES联调,联调,10工作日,2027-02-05,2027-02-18,288,ERP·OA工作组,ERP·OA工作组,用友U8,财务部;信息化项目管理工作室,中,否,联调记录,已有用友U8；不只做接口，还做MRP/采购计划/生产计划补强,,,,,,,,,,,,
290,7.4.2,ERP/OA集成测试完成,里程碑,0工作日,2027-02-19,2027-02-19,,ERP·OA工作组,ERP·OA工作组,用友U8,项目决策组,高,是,集成测试完成确认单,已有用友U8；不只做接口，还做MRP/采购计划/生产计划补强,Gate,,是,,,,是,,不通过不得进入对应供应商进场、上线、验收或总体验收下一阶段。,,,
291,7.4.3,ERP/OA用户培训,培训,5工作日,2027-02-19,2027-02-25,289,ERP·OA工作组,ERP·OA工作组,用友U8,财务部;信息化项目管理工作室,中,否,培训记录,已有用友U8；不只做接口，还做MRP/采购计划/生产计划补强,,,,,,,,,,,,
292,7.4.4,ERP/OA补强验收,验收,5工作日,2027-02-26,2027-03-04,291,ERP·OA工作组,ERP·OA工作组,用友U8,财务部;信息化项目管理工作室,中,否,验收报告,已有用友U8；不只做接口，还做MRP/采购计划/生产计划补强,,,,,,,是,,,,,
293,7.4.5,ERP/OA正式上线,里程碑,0工作日,2027-03-05,2027-03-05,292,ERP·OA工作组,ERP·OA工作组,用友U8,项目决策组,高,是,上线确认单,已有用友U8；不只做接口，还做MRP/采购计划/生产计划补强,Gate,,是,,,,是,,不通过不得进入对应供应商进场、上线、验收或总体验收下一阶段。,,,
458,7.5,ERP扩容与割接观察,摘要,,2027-03-05,2027-04-09,,ERP·OA工作组,ERP·OA工作组,,,高,否,,语义分组新增二级摘要；原二级任务已下沉到本工作包。,,,,,,,,,,,,
294,7.5.1,ERP扩容影响分析与停机窗口审批,评审,5工作日,2027-03-05,2027-03-11,,ERP·OA工作组,ERP·OA工作组,用友U8/OA供应商,财务部;信息化项目管理工作室,高,否,影响分析、停机审批单,ERP扩容安全网，必须在割接前完成。,Risk_Control,G5,是,,,,是,,,,,
295,7.5.2,ERP扩容割接演练与回退方案审批,评审/演练,6工作日,2027-03-12,2027-03-19,294,ERP·OA工作组,ERP·OA工作组,用友U8/OA供应商,财务部;信息化项目管理工作室,高,否,割接方案、回退方案、演练记录,ERP扩容不得无回退上线。,Risk_Control,G5,是,,,,是,,,,,
296,7.5.3,ERP关键业务场景验证,验证,5工作日,2027-03-22,2027-03-26,295,ERP·OA工作组,ERP·OA工作组,用友U8/OA供应商,财务部;信息化项目管理工作室,中,否,业务验证记录,覆盖U8关键业务链路和性能验证。,Risk_Control,G5,,,,,是,,,,,
297,7.5.4,ERP扩容后观察期,观察,10工作日,2027-03-29,2027-04-09,296,ERP·OA工作组,ERP·OA工作组,用友U8/OA供应商,财务部;信息化项目管理工作室,高,否,观察期报告、问题关闭清单,观察期结束后才能释放扩容稳定运行结论。,Risk_Control,G5,是,,,,是,,,,,
459,7.6,OA统一入口与接口治理,摘要,,2026-08-17,2026-12-11,,ERP·OA工作组,ERP·OA工作组,,,高,否,,语义分组新增二级摘要；原二级任务已下沉到本工作包。,,,,,,,,,,,,
298,7.6.1,OA统一入口定位确认,评审,5工作日,2026-08-17,2026-08-21,,ERP·OA工作组,ERP·OA工作组,用友U8/OA供应商,财务部;信息化项目管理工作室,中,否,OA定位确认单,明确OA作为统一入口、待办、流程或信息门户的定位。,Contract_Control,G2,,,,,是,,,,,
299,7.6.2,新老OA接口兼容性及SSO方案验证,验证,10工作日,2026-11-09,2026-11-20,"298,22",ERP·OA工作组,ERP·OA工作组,用友U8/OA供应商,财务部;信息化项目管理工作室,中,否,验证报告、SSO验证记录,接口规格冻结前必须完成。,Contract_Control,G2,,,,,是,,,,,
300,7.6.3,OA供应商接口能力确认,评审,5工作日,2026-11-23,2026-11-27,299,ERP·OA工作组,ERP·OA工作组,用友U8/OA供应商,财务部;信息化项目管理工作室,中,否,接口能力清单,确认OA供应商接口能力，不得凭想象冻结接口。,Contract_Control,G2,,,,,是,,,,,
301,7.6.4,OA接口规格冻结,里程碑,0工作日,2026-12-04,2026-12-04,300,ERP·OA工作组,ERP·OA工作组,用友U8/OA供应商,财务部;信息化项目管理工作室,高,是,接口规格冻结单,OA只能冻结跨系统业务流转蓝图；接口规格必须在供应商进场、接口能力确认和验证后冻结。,Contract_Control,G2,是,,,,是,,,,,
302,7.6.5,OA失效旁路与补偿方案,设计,5工作日,2026-12-07,2026-12-11,301,ERP·OA工作组,ERP·OA工作组,用友U8/OA供应商,财务部;信息化项目管理工作室,中,否,旁路方案、补偿机制,OA不可用时保证关键流程有旁路和补偿机制。,Contract_Control,G2,,,,,是,,,,,
303,8,MES建设与流程导向低代码平台,摘要,,2026-09-01,2027-05-21,,信息化项目组,信息化项目组,,,中,否,,低代码平台作为流程导向业务系统通用底座，QMS仅作为首批场景之一,,,,,,,,,,,,
460,8.1,MES蓝图与内部评审,摘要,,2026-09-01,2026-10-30,,MES工作组,MES工作组,,,高,否,,语义分组新增二级摘要；原二级任务已下沉到本工作包。,,,,,,,,,,,,
304,8.1.1,MES内部需求清单编制,需求,12工作日,2026-09-01,2026-09-16,,MES工作组,MES工作组,,MES工作组组长,高,否,MES需求清单,供应商未定期间内部先做初版蓝图，进场后复核,,,,,,,是,,,,,
305,8.1.2,MES内部初版蓝图编制,设计,15工作日,2026-09-17,2026-10-07,304,MES工作组,MES工作组,,MES工作组组长,高,否,MES初版蓝图,供应商未定期间内部先做初版蓝图，进场后复核,,,,,,,是,,,,,
306,8.1.3,MES蓝图内部评审,评审,3工作日,2026-10-08,2026-10-12,305,MES工作组,MES工作组,,MES工作组组长,高,否,内部评审意见,供应商未定期间内部先做初版蓝图，进场后复核,,,,,,,是,,,,,
307,8.1.4,MES供应商复核蓝图,设计,10工作日,2026-10-13,2026-10-26,306,MES工作组,MES工作组,MES供应商,MES工作组组长,高,否,复核蓝图,供应商未定期间内部先做初版蓝图，进场后复核,,,,,,,是,,,,,
308,8.1.5,MES蓝图评审通过,里程碑,0工作日,2026-10-30,2026-10-30,307,MES工作组,MES工作组,MES供应商,项目决策组,高,是,MES蓝图评审纪要,供应商未定期间内部先做初版蓝图，进场后复核；作为 MES/低代码平台 正式招标发布的内部蓝图与招标需求包冻结门。,Gate,,是,,,,是,,MES内部需求清单、初版蓝图、内部评审未完成，不得发布 MES/低代码平台 正式招标文件。,,,MES/低代码平台正式招标发布前置门。
309,8.6,主数据接收与基础维护,摘要,,2026-11-02,2026-12-14,,MES工作组,MES工作组,MES供应商,MES工作组组长,,否,,自动生成父级摘要，用于修复 WBS 树结构,,,,,,,,,,,,
310,8.6.1,主数据接收与基础维护-详细需求确认,需求,5工作日,2026-11-02,2026-11-06,,MES工作组,MES工作组,MES供应商,MES工作组组长,中,否,主数据接收、基础维护,低代码平台作为流程导向业务系统通用底座，QMS仅作为首批场景之一；2027上半年完成基础能力,,,,,,,,,,,,
311,8.6.2,主数据接收与基础维护-详细设计,设计,5工作日,2026-11-09,2026-11-13,310,MES工作组,MES工作组,MES供应商,MES工作组组长,中,否,主数据接收、基础维护,低代码平台作为流程导向业务系统通用底座，QMS仅作为首批场景之一；2027上半年完成基础能力,,,,,,,,,,,,
312,8.6.3,主数据接收与基础维护-配置/开发,开发,12工作日,2026-11-16,2026-12-01,311,MES工作组,MES工作组,MES供应商,MES工作组组长,中,否,主数据接收、基础维护,低代码平台作为流程导向业务系统通用底座，QMS仅作为首批场景之一；2027上半年完成基础能力,,,,,,,,,,,,
313,8.6.4,主数据接收与基础维护-单元测试,测试,5工作日,2026-12-02,2026-12-08,312,MES工作组,MES工作组,MES供应商,MES工作组;数据质量工作组,中,否,主数据接收、基础维护,低代码平台作为流程导向业务系统通用底座，QMS仅作为首批场景之一；2027上半年完成基础能力,,,,,,,,,,,,
314,8.6.5,主数据接收与基础维护-缺陷修复,修复,4工作日,2026-12-09,2026-12-14,313,MES工作组,MES工作组,MES供应商,MES工作组组长,中,否,主数据接收、基础维护,低代码平台作为流程导向业务系统通用底座，QMS仅作为首批场景之一；2027上半年完成基础能力,,,,,,,,,,,,
315,8.7,工艺管理/轻量MBOM,摘要,,2026-11-09,2026-12-21,,MES工作组,MES工作组,MES供应商,MES工作组组长,,否,,自动生成父级摘要，用于修复 WBS 树结构,,,,,,,,,,,,
316,8.7.1,工艺管理/轻量MBOM-详细需求确认,需求,5工作日,2026-11-09,2026-11-13,,MES工作组,MES工作组,MES供应商,MES工作组组长,高,否,轻量MBOM、工艺资料,低代码平台作为流程导向业务系统通用底座，QMS仅作为首批场景之一；2027上半年完成基础能力,,,,,,,是,,,,,
317,8.7.2,工艺管理/轻量MBOM-详细设计,设计,5工作日,2026-11-16,2026-11-20,316,MES工作组,MES工作组,MES供应商,MES工作组组长,高,否,轻量MBOM、工艺资料,低代码平台作为流程导向业务系统通用底座，QMS仅作为首批场景之一；2027上半年完成基础能力,,,,,,,是,,,,,
318,8.7.3,工艺管理/轻量MBOM-配置/开发,开发,12工作日,2026-11-23,2026-12-08,317,MES工作组,MES工作组,MES供应商,MES工作组组长,高,否,轻量MBOM、工艺资料,低代码平台作为流程导向业务系统通用底座，QMS仅作为首批场景之一；2027上半年完成基础能力,,,,,,,是,,,,,
319,8.7.4,工艺管理/轻量MBOM-单元测试,测试,5工作日,2026-12-09,2026-12-15,318,MES工作组,MES工作组,MES供应商,MES工作组;数据质量工作组,高,否,轻量MBOM、工艺资料,低代码平台作为流程导向业务系统通用底座，QMS仅作为首批场景之一；2027上半年完成基础能力,,,,,,,是,,,,,
320,8.7.5,工艺管理/轻量MBOM-缺陷修复,修复,4工作日,2026-12-16,2026-12-21,319,MES工作组,MES工作组,MES供应商,MES工作组组长,高,否,轻量MBOM、工艺资料,低代码平台作为流程导向业务系统通用底座，QMS仅作为首批场景之一；2027上半年完成基础能力,,,,,,,是,,,,,
321,8.8,生产计划管理,摘要,,2026-11-12,2026-12-24,,MES工作组,MES工作组,MES供应商,MES工作组组长,,否,,自动生成父级摘要，用于修复 WBS 树结构,,,,,,,,,,,,
322,8.8.1,生产计划管理-详细需求确认,需求,5工作日,2026-11-12,2026-11-18,,MES工作组,MES工作组,MES供应商,MES工作组组长,中,否,生产计划模块,低代码平台作为流程导向业务系统通用底座，QMS仅作为首批场景之一；2027上半年完成基础能力,,,,,,,,,,,,
323,8.8.2,生产计划管理-详细设计,设计,5工作日,2026-11-19,2026-11-25,322,MES工作组,MES工作组,MES供应商,MES工作组组长,中,否,生产计划模块,低代码平台作为流程导向业务系统通用底座，QMS仅作为首批场景之一；2027上半年完成基础能力,,,,,,,,,,,,
324,8.8.3,生产计划管理-配置/开发,开发,12工作日,2026-11-26,2026-12-11,323,MES工作组,MES工作组,MES供应商,MES工作组组长,中,否,生产计划模块,低代码平台作为流程导向业务系统通用底座，QMS仅作为首批场景之一；2027上半年完成基础能力,,,,,,,,,,,,
325,8.8.4,生产计划管理-单元测试,测试,5工作日,2026-12-14,2026-12-18,324,MES工作组,MES工作组,MES供应商,MES工作组;数据质量工作组,中,否,生产计划模块,低代码平台作为流程导向业务系统通用底座，QMS仅作为首批场景之一；2027上半年完成基础能力,,,,,,,,,,,,
326,8.8.5,生产计划管理-缺陷修复,修复,4工作日,2026-12-21,2026-12-24,325,MES工作组,MES工作组,MES供应商,MES工作组组长,中,否,生产计划模块,低代码平台作为流程导向业务系统通用底座，QMS仅作为首批场景之一；2027上半年完成基础能力,,,,,,,,,,,,
327,8.9,执行报工/工序流转,摘要,,2026-11-17,2026-12-29,,MES工作组,MES工作组,MES供应商,MES工作组组长,,否,,自动生成父级摘要，用于修复 WBS 树结构,,,,,,,,,,,,
328,8.9.1,执行报工/工序流转-详细需求确认,需求,5工作日,2026-11-17,2026-11-23,,MES工作组,MES工作组,MES供应商,MES工作组组长,中,否,执行报工与流转,低代码平台作为流程导向业务系统通用底座，QMS仅作为首批场景之一；2027上半年完成基础能力,,,,,,,,,,,,
329,8.9.2,执行报工/工序流转-详细设计,设计,5工作日,2026-11-24,2026-11-30,328,MES工作组,MES工作组,MES供应商,MES工作组组长,中,否,执行报工与流转,低代码平台作为流程导向业务系统通用底座，QMS仅作为首批场景之一；2027上半年完成基础能力,,,,,,,,,,,,
330,8.9.3,执行报工/工序流转-配置/开发,开发,12工作日,2026-12-01,2026-12-16,329,MES工作组,MES工作组,MES供应商,MES工作组组长,中,否,执行报工与流转,低代码平台作为流程导向业务系统通用底座，QMS仅作为首批场景之一；2027上半年完成基础能力,,,,,,,,,,,,
331,8.9.4,执行报工/工序流转-单元测试,测试,5工作日,2026-12-17,2026-12-23,330,MES工作组,MES工作组,MES供应商,MES工作组;数据质量工作组,中,否,执行报工与流转,低代码平台作为流程导向业务系统通用底座，QMS仅作为首批场景之一；2027上半年完成基础能力,,,,,,,,,,,,
332,8.9.5,执行报工/工序流转-缺陷修复,修复,4工作日,2026-12-24,2026-12-29,331,MES工作组,MES工作组,MES供应商,MES工作组组长,中,否,执行报工与流转,低代码平台作为流程导向业务系统通用底座，QMS仅作为首批场景之一；2027上半年完成基础能力,,,,,,,,,,,,
333,8.10,仓储管理,摘要,,2026-11-23,2027-01-04,,MES工作组,MES工作组,MES供应商,MES工作组组长,,否,,自动生成父级摘要，用于修复 WBS 树结构,,,,,,,,,,,,
334,8.10.1,仓储管理-详细需求确认,需求,5工作日,2026-11-23,2026-11-27,,MES工作组,MES工作组,MES供应商,MES工作组组长,中,否,仓储管理模块,低代码平台作为流程导向业务系统通用底座，QMS仅作为首批场景之一；2027上半年完成基础能力,,,,,,,,,,,,
335,8.10.2,仓储管理-详细设计,设计,5工作日,2026-11-30,2026-12-04,334,MES工作组,MES工作组,MES供应商,MES工作组组长,中,否,仓储管理模块,低代码平台作为流程导向业务系统通用底座，QMS仅作为首批场景之一；2027上半年完成基础能力,,,,,,,,,,,,
336,8.10.3,仓储管理-配置/开发,开发,12工作日,2026-12-07,2026-12-22,335,MES工作组,MES工作组,MES供应商,MES工作组组长,中,否,仓储管理模块,低代码平台作为流程导向业务系统通用底座，QMS仅作为首批场景之一；2027上半年完成基础能力,,,,,,,,,,,,
337,8.10.4,仓储管理-单元测试,测试,5工作日,2026-12-23,2026-12-29,336,MES工作组,MES工作组,MES供应商,MES工作组;数据质量工作组,中,否,仓储管理模块,低代码平台作为流程导向业务系统通用底座，QMS仅作为首批场景之一；2027上半年完成基础能力,,,,,,,,,,,,
338,8.10.5,仓储管理-缺陷修复,修复,4工作日,2026-12-30,2027-01-04,337,MES工作组,MES工作组,MES供应商,MES工作组组长,中,否,仓储管理模块,低代码平台作为流程导向业务系统通用底座，QMS仅作为首批场景之一；2027上半年完成基础能力,,,,,,,,,,,,
339,8.11,工装工具管理,摘要,,2026-11-27,2027-01-08,,MES工作组,MES工作组,MES供应商,MES工作组组长,,否,,自动生成父级摘要，用于修复 WBS 树结构,,,,,,,,,,,,
340,8.11.1,工装工具管理-详细需求确认,需求,5工作日,2026-11-27,2026-12-03,,MES工作组,MES工作组,MES供应商,MES工作组组长,中,否,工装工具模块,低代码平台作为流程导向业务系统通用底座，QMS仅作为首批场景之一；2027上半年完成基础能力,,,,,,,,,,,,
341,8.11.2,工装工具管理-详细设计,设计,5工作日,2026-12-04,2026-12-10,340,MES工作组,MES工作组,MES供应商,MES工作组组长,中,否,工装工具模块,低代码平台作为流程导向业务系统通用底座，QMS仅作为首批场景之一；2027上半年完成基础能力,,,,,,,,,,,,
342,8.11.3,工装工具管理-配置/开发,开发,12工作日,2026-12-11,2026-12-28,341,MES工作组,MES工作组,MES供应商,MES工作组组长,中,否,工装工具模块,低代码平台作为流程导向业务系统通用底座，QMS仅作为首批场景之一；2027上半年完成基础能力,,,,,,,,,,,,
343,8.11.4,工装工具管理-单元测试,测试,5工作日,2026-12-29,2027-01-04,342,MES工作组,MES工作组,MES供应商,MES工作组;数据质量工作组,中,否,工装工具模块,低代码平台作为流程导向业务系统通用底座，QMS仅作为首批场景之一；2027上半年完成基础能力,,,,,,,,,,,,
344,8.11.5,工装工具管理-缺陷修复,修复,4工作日,2027-01-05,2027-01-08,343,MES工作组,MES工作组,MES供应商,MES工作组组长,中,否,工装工具模块,低代码平台作为流程导向业务系统通用底座，QMS仅作为首批场景之一；2027上半年完成基础能力,,,,,,,,,,,,
345,8.12,质量基础管理,摘要,,2026-12-02,2027-01-13,,MES工作组,MES工作组,MES供应商,MES工作组组长,,否,,自动生成父级摘要，用于修复 WBS 树结构,,,,,,,,,,,,
346,8.12.1,质量基础管理-详细需求确认,需求,5工作日,2026-12-02,2026-12-08,,MES工作组,MES工作组,MES供应商,MES工作组组长,中,否,质量基础模块,低代码平台作为流程导向业务系统通用底座，QMS仅作为首批场景之一；2027上半年完成基础能力,,,,,,,,,,,,
347,8.12.2,质量基础管理-详细设计,设计,5工作日,2026-12-09,2026-12-15,346,MES工作组,MES工作组,MES供应商,MES工作组组长,中,否,质量基础模块,低代码平台作为流程导向业务系统通用底座，QMS仅作为首批场景之一；2027上半年完成基础能力,,,,,,,,,,,,
348,8.12.3,质量基础管理-配置/开发,开发,12工作日,2026-12-16,2026-12-31,347,MES工作组,MES工作组,MES供应商,MES工作组组长,中,否,质量基础模块,低代码平台作为流程导向业务系统通用底座，QMS仅作为首批场景之一；2027上半年完成基础能力,,,,,,,,,,,,
349,8.12.4,质量基础管理-单元测试,测试,5工作日,2027-01-01,2027-01-07,348,MES工作组,MES工作组,MES供应商,MES工作组;数据质量工作组,中,否,质量基础模块,低代码平台作为流程导向业务系统通用底座，QMS仅作为首批场景之一；2027上半年完成基础能力,,,,,,,,,,,,
350,8.12.5,质量基础管理-缺陷修复,修复,4工作日,2027-01-08,2027-01-13,349,MES工作组,MES工作组,MES供应商,MES工作组组长,中,否,质量基础模块,低代码平台作为流程导向业务系统通用底座，QMS仅作为首批场景之一；2027上半年完成基础能力,,,,,,,,,,,,
351,8.13,生产进度看板,摘要,,2026-12-07,2027-01-18,,MES工作组,MES工作组,MES供应商,MES工作组组长,,否,,自动生成父级摘要，用于修复 WBS 树结构,,,,,,,,,,,,
352,8.13.1,生产进度看板-详细需求确认,需求,5工作日,2026-12-07,2026-12-11,,MES工作组,MES工作组,MES供应商,MES工作组组长,中,否,进度看板,低代码平台作为流程导向业务系统通用底座，QMS仅作为首批场景之一；2027上半年完成基础能力,,,,,,,,,,,,
353,8.13.2,生产进度看板-详细设计,设计,5工作日,2026-12-14,2026-12-18,352,MES工作组,MES工作组,MES供应商,MES工作组组长,中,否,进度看板,低代码平台作为流程导向业务系统通用底座，QMS仅作为首批场景之一；2027上半年完成基础能力,,,,,,,,,,,,
354,8.13.3,生产进度看板-配置/开发,开发,12工作日,2026-12-21,2027-01-05,353,MES工作组,MES工作组,MES供应商,MES工作组组长,中,否,进度看板,低代码平台作为流程导向业务系统通用底座，QMS仅作为首批场景之一；2027上半年完成基础能力,,,,,,,,,,,,
355,8.13.4,生产进度看板-单元测试,测试,5工作日,2027-01-06,2027-01-12,354,MES工作组,MES工作组,MES供应商,MES工作组;数据质量工作组,中,否,进度看板,低代码平台作为流程导向业务系统通用底座，QMS仅作为首批场景之一；2027上半年完成基础能力,,,,,,,,,,,,
356,8.13.5,生产进度看板-缺陷修复,修复,4工作日,2027-01-13,2027-01-18,355,MES工作组,MES工作组,MES供应商,MES工作组组长,中,否,进度看板,低代码平台作为流程导向业务系统通用底座，QMS仅作为首批场景之一；2027上半年完成基础能力,,,,,,,,,,,,
357,8.14,PLM,摘要,,2026-12-14,2027-01-19,,MES工作组,MES工作组,MES供应商,MES工作组组长,,否,,自动生成父级摘要，用于修复 WBS 树结构,,,,,,,,,,,,
358,8.14.1,PLM-MES接口-详细需求确认,需求,5工作日,2026-12-14,2026-12-18,,MES工作组,MES工作组,MES供应商,MES工作组组长,高,否,接口,低代码平台作为流程导向业务系统通用底座，QMS仅作为首批场景之一；2027上半年完成基础能力,,,,,,,是,,,,,
359,8.14.2,PLM-MES接口-详细设计,设计,5工作日,2026-12-21,2026-12-25,358,MES工作组,MES工作组,MES供应商,MES工作组组长,高,否,接口,低代码平台作为流程导向业务系统通用底座，QMS仅作为首批场景之一；2027上半年完成基础能力,,,,,,,是,,,,,
360,8.14.3,PLM-MES接口-配置/开发,开发,8工作日,2026-12-28,2027-01-06,359,MES工作组,MES工作组,MES供应商,MES工作组组长,高,否,接口,低代码平台作为流程导向业务系统通用底座，QMS仅作为首批场景之一；2027上半年完成基础能力,,,,,,,是,,,,,
361,8.14.4,PLM-MES接口-单元测试,测试,5工作日,2027-01-07,2027-01-13,360,MES工作组,MES工作组,MES供应商,MES工作组;数据质量工作组,高,否,接口,低代码平台作为流程导向业务系统通用底座，QMS仅作为首批场景之一；2027上半年完成基础能力,,,,,,,是,,,,,
362,8.14.5,PLM-MES接口-缺陷修复,修复,4工作日,2027-01-14,2027-01-19,361,MES工作组,MES工作组,MES供应商,MES工作组组长,高,否,接口,低代码平台作为流程导向业务系统通用底座，QMS仅作为首批场景之一；2027上半年完成基础能力,,,,,,,是,,,,,
363,8.15,ERP,摘要,,2026-12-17,2027-01-22,,MES工作组,MES工作组,MES供应商,MES工作组组长,,否,,自动生成父级摘要，用于修复 WBS 树结构,,,,,,,,,,,,
364,8.15.1,ERP-MES接口-详细需求确认,需求,5工作日,2026-12-17,2026-12-23,,MES工作组,MES工作组,MES供应商,MES工作组组长,高,否,接口,低代码平台作为流程导向业务系统通用底座，QMS仅作为首批场景之一；2027上半年完成基础能力,,,,,,,是,,,,,
365,8.15.2,ERP-MES接口-详细设计,设计,5工作日,2026-12-24,2026-12-30,364,MES工作组,MES工作组,MES供应商,MES工作组组长,高,否,接口,低代码平台作为流程导向业务系统通用底座，QMS仅作为首批场景之一；2027上半年完成基础能力,,,,,,,是,,,,,
366,8.15.3,ERP-MES接口-配置/开发,开发,8工作日,2026-12-31,2027-01-11,365,MES工作组,MES工作组,MES供应商,MES工作组组长,高,否,接口,低代码平台作为流程导向业务系统通用底座，QMS仅作为首批场景之一；2027上半年完成基础能力,,,,,,,是,,,,,
367,8.15.4,ERP-MES接口-单元测试,测试,5工作日,2027-01-12,2027-01-18,366,MES工作组,MES工作组,MES供应商,MES工作组;数据质量工作组,高,否,接口,低代码平台作为流程导向业务系统通用底座，QMS仅作为首批场景之一；2027上半年完成基础能力,,,,,,,是,,,,,
368,8.15.5,ERP-MES接口-缺陷修复,修复,4工作日,2027-01-19,2027-01-22,367,MES工作组,MES工作组,MES供应商,MES工作组组长,高,否,接口,低代码平台作为流程导向业务系统通用底座，QMS仅作为首批场景之一；2027上半年完成基础能力,,,,,,,是,,,,,
369,8.16,流程导向低代码平台,摘要,,2026-12-22,2027-02-22,,MES工作组,MES工作组,MES供应商;低代码平台供应商,MES工作组组长,,否,,自动生成父级摘要，用于修复 WBS 树结构,,,,,,,,,,,,
370,8.16.1,流程导向低代码平台-首批场景范围确认,需求,6工作日,2026-12-22,2026-12-29,,MES工作组,MES工作组,MES供应商;低代码平台供应商,MES工作组组长,高,否,流程导向低代码平台,低代码平台作为流程导向业务系统通用底座，QMS仅作为首批场景之一；2027上半年完成基础能力,,,,,,,是,,,,,
371,8.16.2,流程导向低代码平台-平台方案设计,设计,6工作日,2026-12-30,2027-01-06,370,MES工作组,MES工作组,MES供应商;低代码平台供应商,MES工作组组长,高,否,流程导向低代码平台,低代码平台作为流程导向业务系统通用底座，QMS仅作为首批场景之一；2027上半年完成基础能力,,,,,,,是,,,,,
372,8.16.3,流程导向低代码平台-流程表单配置,开发,12工作日,2027-01-07,2027-01-22,371,MES工作组,MES工作组,MES供应商;低代码平台供应商,MES工作组组长,高,否,流程导向低代码平台,低代码平台作为流程导向业务系统通用底座，QMS仅作为首批场景之一；2027上半年完成基础能力,,,,,,,是,,,,,
373,8.16.4,流程导向低代码平台-业务台账与审批流配置,开发,10工作日,2027-01-25,2027-02-05,372,MES工作组,MES工作组,MES供应商;低代码平台供应商,MES工作组组长,高,否,流程导向低代码平台,低代码平台作为流程导向业务系统通用底座，QMS仅作为首批场景之一；2027上半年完成基础能力,,,,,,,是,,,,,
374,8.16.5,流程导向低代码平台-平台基础能力测试,测试,6工作日,2027-02-08,2027-02-15,373,MES工作组,MES工作组,MES供应商;低代码平台供应商,MES工作组;数据质量工作组,高,否,流程导向低代码平台,低代码平台作为流程导向业务系统通用底座，QMS仅作为首批场景之一；2027上半年完成基础能力,,,,,,,是,,,,,
375,8.16.6,流程导向低代码平台-平台基础能力验收,验收,5工作日,2027-02-16,2027-02-22,374,MES工作组,MES工作组,MES供应商;低代码平台供应商,MES工作组;数据质量工作组,高,否,流程导向低代码平台,低代码平台作为流程导向业务系统通用底座，QMS仅作为首批场景之一；2027上半年完成基础能力,,,是,,,,是,,,作为验收或付款资料的一部分，需保留评审、验收或问题闭环证据。,,
376,8.17,MES,摘要,,2026-12-28,2027-02-02,,MES工作组,MES工作组,MES供应商;低代码平台供应商,MES工作组组长,,否,,自动生成父级摘要，用于修复 WBS 树结构,,,,,,,,,,,,
377,8.17.1,MES-低代码平台接口-详细需求确认,需求,5工作日,2026-12-28,2027-01-01,,MES工作组,MES工作组,MES供应商;低代码平台供应商,MES工作组组长,中,否,接口,低代码平台作为流程导向业务系统通用底座，QMS仅作为首批场景之一；2027上半年完成基础能力,,,,,,,,,,,,
378,8.17.2,MES-低代码平台接口-详细设计,设计,5工作日,2027-01-04,2027-01-08,377,MES工作组,MES工作组,MES供应商;低代码平台供应商,MES工作组组长,中,否,接口,低代码平台作为流程导向业务系统通用底座，QMS仅作为首批场景之一；2027上半年完成基础能力,,,,,,,,,,,,
379,8.17.3,MES-低代码平台接口-配置/开发,开发,8工作日,2027-01-11,2027-01-20,378,MES工作组,MES工作组,MES供应商;低代码平台供应商,MES工作组组长,中,否,接口,低代码平台作为流程导向业务系统通用底座，QMS仅作为首批场景之一；2027上半年完成基础能力,,,,,,,,,,,,
380,8.17.4,MES-低代码平台接口-单元测试,测试,5工作日,2027-01-21,2027-01-27,379,MES工作组,MES工作组,MES供应商;低代码平台供应商,MES工作组;数据质量工作组,中,否,接口,低代码平台作为流程导向业务系统通用底座，QMS仅作为首批场景之一；2027上半年完成基础能力,,,,,,,,,,,,
381,8.17.5,MES-低代码平台接口-缺陷修复,修复,4工作日,2027-01-28,2027-02-02,380,MES工作组,MES工作组,MES供应商;低代码平台供应商,MES工作组组长,中,否,接口,低代码平台作为流程导向业务系统通用底座，QMS仅作为首批场景之一；2027上半年完成基础能力,,,,,,,,,,,,
382,8.99,MES一期系统集成测试,摘要,,2027-03-01,2027-05-21,,MES工作组,MES工作组,MES供应商,MES工作组组长,,否,,自动生成父级摘要，用于修复 WBS 树结构,,,,,,,,,,,,
383,8.99.1,MES一期系统集成测试,测试,15工作日,2027-03-01,2027-03-19,,MES工作组,MES工作组,MES供应商,MES工作组组长,高,否,系统测试报告,关键节点前显式设置缓冲,,,,,,,是,,,,,
384,8.99.2,MES一期用户培训材料编制,培训,5工作日,2027-03-22,2027-03-26,383,MES工作组,MES工作组,MES供应商,MES工作组组长,中,否,培训材料,关键节点前显式设置缓冲,,,,,,,,,,,,
385,8.99.3,MES一期关键用户培训,培训,8工作日,2027-03-29,2027-04-07,384,MES工作组,MES工作组,MES供应商,MES工作组组长,中,否,培训记录,关键节点前显式设置缓冲,,,,,,,,,,,,
386,8.99.4,MES一期上线前风险缓冲,缓冲,10工作日,2027-04-08,2027-04-21,385,MES工作组,MES工作组,MES供应商,MES工作组组长,高,否,缓冲记录,关键节点前显式设置缓冲,,,是,,,,是,,不通过不得进入对应供应商进场、上线、验收或总体验收下一阶段。,,,
387,8.99.5,MES一期试运行开始,里程碑,0工作日,2027-04-22,2027-04-22,386,MES工作组,MES工作组,MES供应商,项目决策组,高,是,试运行启动单,关键节点前显式设置缓冲,Gate,,是,,,,是,,不通过不得进入对应供应商进场、上线、验收或总体验收下一阶段。,,,
388,8.99.6,MES一期试运行与问题整改,试运行,15工作日,2027-04-23,2027-05-13,387,MES工作组,MES工作组,MES供应商,MES工作组组长,高,否,试运行报告,关键节点前显式设置缓冲,,,,,,,是,,,,,
389,8.99.7,MES一期正式上线,里程碑,0工作日,2027-05-14,2027-05-14,388,MES工作组,MES工作组,MES供应商,项目决策组,高,是,正式上线报告,关键节点前显式设置缓冲,Gate,,是,,,,是,,不通过不得进入对应供应商进场、上线、验收或总体验收下一阶段。,,,
390,8.99.8,MES一期验收,验收,5工作日,2027-05-17,2027-05-21,389,MES工作组,MES工作组,MES供应商,项目决策组,高,否,一期验收报告,关键节点前显式设置缓冲,,,是,,,,是,,,作为验收或付款资料的一部分，需保留评审、验收或问题闭环证据。,,
391,9,全系统集成联调与现场推广,摘要,,2027-04-03,2028-01-25,,信息化项目组,信息化项目组,,,中,否,,跨系统联调、现场推广、数据治理常态化,,,,,,,,,,,,
392,9.0,全系统联调启动准备,摘要,,2027-04-03,2027-04-28,,信息化项目组,信息化项目组,,信息化项目管理工作室,高,否,联调启动条件包,WBS9必须条件驱动，不得日期驱动。,G9_Ready,,是,,,总包,是,,,,,
393,9.0.1,核心招采联调准备确认,里程碑,0工作日,2027-04-03,2027-04-03,24,信息化项目组,信息化项目组,,项目决策组;信息化项目管理工作室,高,是,核心招采联调准备确认单,9.0.8未通过前不得进入跨系统业务场景联调。,G9_Ready,,是,,,招采,是,,,,,信息化项目组统筹联调启动条件核验；对应工作组提供招采、环境、主数据、接口、规则中心、备份和冒烟测试证据，项目决策组按阶段门口径放行。
394,9.0.2,测试环境资源与访问矩阵确认,评审,3工作日,2027-04-06,2027-04-08,195,信息化项目组,信息化项目组,,项目决策组;信息化项目管理工作室,高,否,测试环境资源表、访问矩阵,9.0.8未通过前不得进入跨系统业务场景联调。,G9_Ready,G4,是,,,环境/访问,是,,,,,信息化项目组统筹联调启动条件核验；对应工作组提供招采、环境、主数据、接口、规则中心、备份和冒烟测试证据，项目决策组按阶段门口径放行。
395,9.0.3,主数据V1.1联调版冻结确认,里程碑,0工作日,2027-04-09,2027-04-09,159,信息化项目组,信息化项目组,,项目决策组;信息化项目管理工作室,高,是,主数据V1.1、交底签收单,9.0.8未通过前不得进入跨系统业务场景联调。,G9_Ready,G3,是,,,主数据,是,,,,,信息化项目组统筹联调启动条件核验；对应工作组提供招采、环境、主数据、接口、规则中心、备份和冒烟测试证据，项目决策组按阶段门口径放行。
396,9.0.4,接口规格冻结与版本锁定,里程碑,0工作日,2027-04-12,2027-04-12,157,信息化项目组,信息化项目组,,项目决策组;信息化项目管理工作室,高,是,接口规格冻结单,9.0.8未通过前不得进入跨系统业务场景联调。,G9_Ready,,是,,,接口,是,,,,,信息化项目组统筹联调启动条件核验；对应工作组提供招采、环境、主数据、接口、规则中心、备份和冒烟测试证据，项目决策组按阶段门口径放行。
397,9.0.5,集成过渡期规则中心可用确认,验收,3工作日,2027-04-13,2027-04-15,184,信息化项目组,信息化项目组,,项目决策组;信息化项目管理工作室,高,否,规则中心可用性确认单,9.0.8未通过前不得进入跨系统业务场景联调。,G9_Ready,,是,,,规则中心,是,,,,,信息化项目组统筹联调启动条件核验；对应工作组提供招采、环境、主数据、接口、规则中心、备份和冒烟测试证据，项目决策组按阶段门口径放行。
398,9.0.6,备份Agent安装与首次备份验证,验收,3工作日,2027-04-16,2027-04-20,195,信息化项目组,信息化项目组,,项目决策组;信息化项目管理工作室,高,否,首次备份验证记录,9.0.8未通过前不得进入跨系统业务场景联调。,G9_Ready,G5,是,,,备份,是,,,,,信息化项目组统筹联调启动条件核验；对应工作组提供招采、环境、主数据、接口、规则中心、备份和冒烟测试证据，项目决策组按阶段门口径放行。
399,9.0.7,关键接口冒烟测试,测试,3工作日,2027-04-21,2027-04-23,"393,394,395,396,397,398",信息化项目组,信息化项目组,,项目决策组;信息化项目管理工作室,高,否,冒烟测试报告,9.0.8未通过前不得进入跨系统业务场景联调。,G9_Ready,,是,,,接口测试,是,,,,,信息化项目组统筹联调启动条件核验；对应工作组提供招采、环境、主数据、接口、规则中心、备份和冒烟测试证据，项目决策组按阶段门口径放行。
400,9.0.8,WBS9联调启动评审,评审,3工作日,2027-04-26,2027-04-28,"393,394,395,396,397,398,399",信息化项目组,信息化项目组,,项目决策组;信息化项目管理工作室,高,否,联调启动评审纪要,9.0.8未通过前不得进入跨系统业务场景联调。,G9_Ready,,是,,,总包,是,,,,,信息化项目组统筹联调启动条件核验；对应工作组提供招采、环境、主数据、接口、规则中心、备份和冒烟测试证据，项目决策组按阶段门口径放行。
461,9.1,主数据与跨系统接口联调,摘要,,2027-05-03,2027-07-29,,信息化项目组,信息化项目组,,,高,否,,语义分组新增二级摘要；原二级任务已下沉到本工作包。,,,,,,,,,,,,
401,9.1.1,PLM主数据标准映射联调,联调,10工作日,2027-05-03,2027-05-14,400,信息化项目组,信息化项目组,MDM工作组;PLM供应商;MES供应商;用友U8,信息化项目管理工作室,高,否,联调报告,按最终执行版统一口径：本期不使用“MDM平台联调”表述，改为主数据标准映射/一致性校验/规则接口校验。,G9_Ready,,,,,,是,,,,,信息化项目组统筹联调节奏和问题台账；对应系统工作组负责本系统接口场景、供应商负责接口适配，MDM工作组负责主数据口径，数据质量工作组按复核口径抽审。
402,9.1.2,ERP主数据一致性联调,联调,10工作日,2027-05-17,2027-05-28,401,信息化项目组,信息化项目组,MDM工作组;PLM供应商;MES供应商;用友U8,信息化项目管理工作室,高,否,联调报告,按最终执行版统一口径：本期不使用“MDM平台联调”表述，改为主数据标准映射/一致性校验/规则接口校验。,G9_Ready,,,,,,是,,,,,信息化项目组统筹联调节奏和问题台账；对应系统工作组负责本系统接口场景、供应商负责接口适配，MDM工作组负责主数据口径，数据质量工作组按复核口径抽审。
403,9.1.3,MES主数据一致性校验,联调,10工作日,2027-05-31,2027-06-11,402,信息化项目组,信息化项目组,MDM工作组;PLM供应商;MES供应商;用友U8,信息化项目管理工作室,高,否,联调报告,按最终执行版统一口径：本期不使用“MDM平台联调”表述，改为主数据标准映射/一致性校验/规则接口校验。,G9_Ready,,,,,,是,,,,,信息化项目组统筹联调节奏和问题台账；对应系统工作组负责本系统接口场景、供应商负责接口适配，MDM工作组负责主数据口径，数据质量工作组按复核口径抽审。
404,9.1.4,PLM-MES集成联调,联调,12工作日,2027-06-14,2027-06-29,403,信息化项目组,信息化项目组,MDM工作组;PLM供应商;MES供应商;用友U8,信息化项目管理工作室,高,否,联调报告,2027年重点：联调、常态化治理、生产现场推广,G9_Ready,,,,,,是,,,,,信息化项目组统筹联调节奏和问题台账；对应系统工作组负责本系统接口场景、供应商负责接口适配，MDM工作组负责主数据口径，数据质量工作组按复核口径抽审。
405,9.1.5,ERP-MES集成联调,联调,12工作日,2027-06-30,2027-07-15,404,信息化项目组,信息化项目组,MDM工作组;PLM供应商;MES供应商;用友U8,信息化项目管理工作室,高,否,联调报告,2027年重点：联调、常态化治理、生产现场推广,G9_Ready,,,,,,是,,,,,信息化项目组统筹联调节奏和问题台账；对应系统工作组负责本系统接口场景、供应商负责接口适配，MDM工作组负责主数据口径，数据质量工作组按复核口径抽审。
406,9.1.6,MES-低代码平台集成联调,联调,10工作日,2027-07-16,2027-07-29,405,信息化项目组,信息化项目组,MDM工作组;PLM供应商;MES供应商;用友U8,信息化项目管理工作室,高,否,联调报告,2027年重点：联调、常态化治理、生产现场推广,G9_Ready,,,,,,是,,,,,信息化项目组统筹联调节奏和问题台账；对应系统工作组负责本系统接口场景、供应商负责接口适配，MDM工作组负责主数据口径，数据质量工作组按复核口径抽审。
462,9.2,跨系统业务场景测试与整改,摘要,,2027-07-30,2027-10-05,,信息化项目组,信息化项目组,,,高,否,,语义分组新增二级摘要；原二级任务已下沉到本工作包。,,,,,,,,,,,,
407,9.2.1,跨系统业务场景测试-订单到计划,测试,8工作日,2027-07-30,2027-08-10,406,信息化项目组,信息化项目组,MDM工作组;PLM供应商;MES供应商;用友U8,信息化项目管理工作室,中,否,场景测试报告,2027年重点：联调、常态化治理、生产现场推广,G9_Ready,,,,,,,,,,,信息化项目组统筹跨系统业务场景测试；业务场景对应工作组负责场景确认，供应商负责缺陷修复，数据质量工作组复核数据一致性和问题闭环证据。
408,9.2.2,跨系统业务场景测试-工艺到执行,测试,8工作日,2027-08-11,2027-08-20,407,信息化项目组,信息化项目组,MDM工作组;PLM供应商;MES供应商;用友U8,信息化项目管理工作室,中,否,场景测试报告,2027年重点：联调、常态化治理、生产现场推广,G9_Ready,,,,,,,,,,,信息化项目组统筹跨系统业务场景测试；业务场景对应工作组负责场景确认，供应商负责缺陷修复，数据质量工作组复核数据一致性和问题闭环证据。
409,9.2.3,跨系统业务场景测试-质量闭环,测试,8工作日,2027-08-23,2027-09-01,408,信息化项目组,信息化项目组,MDM工作组;PLM供应商;MES供应商;用友U8,信息化项目管理工作室,中,否,场景测试报告,2027年重点：联调、常态化治理、生产现场推广,G9_Ready,,,,,,,,,,,信息化项目组统筹跨系统业务场景测试；业务场景对应工作组负责场景确认，供应商负责缺陷修复，数据质量工作组复核数据一致性和问题闭环证据。
410,9.2.4,跨系统业务场景测试-物料齐套,测试,8工作日,2027-09-02,2027-09-13,409,信息化项目组,信息化项目组,MDM工作组;PLM供应商;MES供应商;用友U8,信息化项目管理工作室,中,否,场景测试报告,2027年重点：联调、常态化治理、生产现场推广,G9_Ready,,,,,,,,,,,信息化项目组统筹跨系统业务场景测试；业务场景对应工作组负责场景确认，供应商负责缺陷修复，数据质量工作组复核数据一致性和问题闭环证据。
411,9.2.5,全系统集成联调问题整改,整改,15工作日,2027-09-14,2027-10-04,410,信息化项目组,信息化项目组,MDM工作组;PLM供应商;MES供应商;用友U8,信息化项目管理工作室,高,否,问题整改清单,2027年重点：联调、常态化治理、生产现场推广,G9_Ready,,,,,,是,,,,,信息化项目组统筹跨系统业务场景测试；业务场景对应工作组负责场景确认，供应商负责缺陷修复，数据质量工作组复核数据一致性和问题闭环证据。
412,9.2.6,全系统集成联调完成,里程碑,0工作日,2027-10-05,2027-10-05,411,信息化项目组,信息化项目组,MDM工作组;PLM供应商;MES供应商;用友U8,数据质量工作组;项目决策组,高,是,联调完成确认单,2027年重点：联调、常态化治理、生产现场推广,Gate,,是,,,数据质量/推广/治理验收,是,,,,,信息化项目组统筹跨系统业务场景测试；业务场景对应工作组负责场景确认，供应商负责缺陷修复，数据质量工作组复核数据一致性和问题闭环证据。
463,9.3,现场推广与培训,摘要,,2027-10-06,2027-12-27,,信息化项目组,信息化项目组,,,高,否,,语义分组新增二级摘要；原二级任务已下沉到本工作包。,,,,,,,,,,,,
413,9.3.1,生产现场推广方案,推广,8工作日,2027-10-06,2027-10-15,412,信息化项目组,信息化项目组,MDM工作组;PLM供应商;MES供应商;用友U8,信息化项目管理工作室,中,否,推广方案,2027年重点：联调、常态化治理、生产现场推广,G9_Ready,,,,,,,,,,,信息化项目组统筹推广计划和培训节奏；对应业务部门和系统工作组负责现场确认，供应商负责培训材料和问题响应。
414,9.3.2,试点产线推广,推广,15工作日,2027-10-18,2027-11-05,413,信息化项目组,信息化项目组,MDM工作组;PLM供应商;MES供应商;用友U8,信息化项目管理工作室,中,否,试点推广报告,2027年重点：联调、常态化治理、生产现场推广,G9_Ready,,,,,,,,,,,信息化项目组统筹推广计划和培训节奏；对应业务部门和系统工作组负责现场确认，供应商负责培训材料和问题响应。
415,9.3.3,多部门现场培训,培训,10工作日,2027-11-08,2027-11-19,414,信息化项目组,信息化项目组,MDM工作组;PLM供应商;MES供应商;用友U8,信息化项目管理工作室,中,否,培训记录,2027年重点：联调、常态化治理、生产现场推广,G9_Ready,,,,,,,,,,,信息化项目组统筹推广计划和培训节奏；对应业务部门和系统工作组负责现场确认，供应商负责培训材料和问题响应。
416,9.3.4,全面推广与运行跟踪,推广,25工作日,2027-11-22,2027-12-24,415,信息化项目组,信息化项目组,MDM工作组;PLM供应商;MES供应商;用友U8,信息化项目管理工作室,中,否,推广跟踪报告,2027年重点：联调、常态化治理、生产现场推广,G9_Ready,,,,,,,,,,,信息化项目组统筹推广计划和培训节奏；对应业务部门和系统工作组负责现场确认，供应商负责培训材料和问题响应。
417,9.3.5,生产现场全面推广完成,里程碑,0工作日,2027-12-27,2027-12-27,416,信息化项目组,信息化项目组,MDM工作组;PLM供应商;MES供应商;用友U8,数据质量工作组;项目决策组,高,是,推广完成确认单,2027年重点：联调、常态化治理、生产现场推广,Gate,,是,,,数据质量/推广/治理验收,是,,,,,信息化项目组统筹推广计划和培训节奏；对应业务部门和系统工作组负责现场确认，供应商负责培训材料和问题响应。
464,9.4,数据治理常态化,摘要,,2027-12-28,2028-01-25,,信息化项目组,信息化项目组,,,高,否,,语义分组新增二级摘要；原二级任务已下沉到本工作包。,,,,,,,,,,,,
418,9.4.1,数据治理常态化机制设计,管理,10工作日,2027-12-28,2028-01-10,417,信息化项目组,信息化项目组,MDM工作组;PLM供应商;MES供应商;用友U8,数据质量工作组;项目决策组,中,否,机制文件,重点：联调、常态化治理、生产现场推广,G9_Ready,,,,,,,,,,,信息化项目组统筹机制固化；MDM工作组维护主数据规则版本，数据质量工作组负责月度审计、复核和闭环跟踪。
419,9.4.2,月度数据质量审计机制运行,管理,10工作日,2028-01-11,2028-01-24,418,信息化项目组,信息化项目组,MDM工作组;PLM供应商;MES供应商;用友U8,数据质量工作组;项目决策组,中,否,质量审计报告,重点：联调、常态化治理、生产现场推广,G9_Ready,,,,,,,,,,,信息化项目组统筹机制固化；MDM工作组维护主数据规则版本，数据质量工作组负责月度审计、复核和闭环跟踪。
420,9.4.3,数据治理常态化机制验收,里程碑,0工作日,2028-01-25,2028-01-25,419,信息化项目组,信息化项目组,MDM工作组;PLM供应商;MES供应商;用友U8,数据质量工作组;项目决策组,高,是,机制验收报告,重点：联调、常态化治理、生产现场推广,Gate,,是,,,数据质量/推广/治理验收,是,,,,,信息化项目组统筹机制固化；MDM工作组维护主数据规则版本，数据质量工作组负责月度审计、复核和闭环跟踪。
421,10,AI应用深化、驾驶舱与总体验收,摘要,,2027-05-03,2028-01-31,,信息化项目组,信息化项目组,,,中,否,,深化数字员工、知识库、驾驶舱，2028年1月底总体验收,,,,,,,是,,,,,
465,10.1,AI应用与数字员工试点,摘要,,2027-05-03,2027-09-16,,信息化项目组,信息化项目组,,,高,否,,语义分组新增二级摘要；原二级任务已下沉到本工作包。,,,,,,,,,,,,
422,10.1.1,项目文档知识库深化,AI应用,15工作日,2027-05-03,2027-05-21,,信息化项目组,信息化项目组,AI服务器供应商,信息化项目管理工作室,中,否,项目文档知识库,2026先支撑数据治理沉淀和知识库，2027深化数字员工,,,,,,,,,,,,
423,10.1.2,代码库问答与审查助手试点,AI应用,15工作日,2027-05-24,2027-06-11,422,信息化项目组,信息化项目组,AI服务器供应商,信息化项目管理工作室,中,否,代码库问答助手,2026先支撑数据治理沉淀和知识库，2027深化数字员工,,,,,,,,,,,,
424,10.1.3,测试用例生成试点,AI应用,10工作日,2027-06-14,2027-06-25,423,信息化项目组,信息化项目组,AI服务器供应商,信息化项目管理工作室,中,否,测试用例生成报告,2026先支撑数据治理沉淀和知识库，2027深化数字员工,,,,,,,,,,,,
425,10.1.4,项目周报/风险台账自动生成试点,AI应用,10工作日,2027-06-28,2027-07-09,424,信息化项目组,信息化项目组,AI服务器供应商,信息化项目管理工作室,中,否,周报与风险台账试点,2026先支撑数据治理沉淀和知识库，2027深化数字员工,,,,,,,,,,,,
426,10.1.5,数字员工场景筛选,AI应用,8工作日,2027-07-12,2027-07-21,425,信息化项目组,信息化项目组,AI服务器供应商,信息化项目管理工作室,高,否,场景清单,2026先支撑数据治理沉淀和知识库，2027深化数字员工,Risk_Control,,,,,,是,,,,,
427,10.1.6,数字员工低风险场景原型,AI应用,20工作日,2027-07-22,2027-08-18,426,信息化项目组,信息化项目组,AI服务器供应商,信息化项目管理工作室,高,否,原型,2026先支撑数据治理沉淀和知识库，2027深化数字员工,Risk_Control,,,,,,是,,,,,
428,10.1.7,数字员工试点运行,试点,20工作日,2027-08-19,2027-09-15,427,信息化项目组,信息化项目组,AI服务器供应商,信息化项目管理工作室,高,否,试点运行报告,2026先支撑数据治理沉淀和知识库，2027深化数字员工,Risk_Control,,,,,,是,,,,,
429,10.1.8,AI应用/数字员工试点完成,里程碑,0工作日,2027-09-16,2027-09-16,428,信息化项目组,信息化项目组,AI服务器供应商,项目决策组,高,是,试点完成报告,2026先支撑数据治理沉淀和知识库，2027深化数字员工,Gate,,是,,,,是,,不通过不得进入对应供应商进场、上线、验收或总体验收下一阶段。,,,
466,10.2,驾驶舱深化,摘要,,2027-09-17,2027-10-28,,信息化项目组,信息化项目组,,,中,否,,语义分组新增二级摘要；原二级任务已下沉到本工作包。,,,,,,,,,,,,
430,10.2.1,驾驶舱指标体系深化,驾驶舱,10工作日,2027-09-17,2027-09-30,429,信息化项目组,信息化项目组,AI服务器供应商,信息化项目管理工作室,中,否,指标体系,2026先支撑数据治理沉淀和知识库，2027深化数字员工,,,,,,,,,,,,
431,10.2.2,驾驶舱数据接入与看板深化,驾驶舱,20工作日,2027-10-01,2027-10-28,430,信息化项目组,信息化项目组,AI服务器供应商,信息化项目管理工作室,中,否,驾驶舱看板,2026先支撑数据治理沉淀和知识库，2027深化数字员工,,,,,,,,,,,,
467,10.3,总体验收与风险缓冲,摘要,,2028-01-03,2028-01-31,,信息化项目组,信息化项目组,,,高,否,,语义分组新增二级摘要；原二级任务已下沉到本工作包。,,,,,,,,,,,,
432,10.3.1,项目总体验收材料准备,验收,15工作日,2028-01-03,2028-01-21,431,信息化项目组,信息化项目组,AI服务器供应商,项目决策组,高,否,总体验收材料,2026先支撑数据治理沉淀和知识库，2027深化数字员工,Risk_Control,,是,,,,是,,,作为验收或付款资料的一部分，需保留评审、验收或问题闭环证据。,,
433,10.3.2,项目总体验收前风险缓冲,缓冲,5工作日,2028-01-24,2028-01-28,432,信息化项目组,信息化项目组,AI服务器供应商,信息化项目管理工作室,高,否,缓冲记录,2026先支撑数据治理沉淀和知识库，2027深化数字员工,Risk_Control,,是,,,,是,,不通过不得进入对应供应商进场、上线、验收或总体验收下一阶段。,,,
434,10.3.3,项目总体验收,里程碑,0工作日,2028-01-31,2028-01-31,"433,420",信息化项目组,信息化项目组,AI服务器供应商,项目决策组,高,是,总体验收报告,2026先支撑数据治理沉淀和知识库，2027深化数字员工,Gate,,是,,,,是,,,作为验收或付款资料的一部分，需保留评审、验收或问题闭环证据。,,
