"ID","WBS","任务名称","任务类型","工期","开始时间","完成时间","前置任务","资源名称","主责资源","协作资源","供应商资源","责任部门","供应商","审核人/审批组","风险等级","里程碑","交付物","备注","原资源名称","资源池导入建议","评审意见"
"1","1","项目启动与总体蓝图","摘要","","2026-06-01","2026-08-14","","信息化项目组","信息化项目组","","","信息化项目组","","","中","否","","总体牵头：信息化项目组；重大事项提交项目决策组 [M]","信息化项目组","资源名称仅保留主责资源；协作资源、供应商资源建议映射到文本字段，不导入Resource Names",""
"2","2","招采合同与供应商管理","摘要","","2026-06-15","2026-11-20","","信息化项目组","信息化项目组","","","信息化项目组","","","中","否","","供应商未定项目采用保守招采周期；合同后设置2周进场准备 [M]","信息化项目组","资源名称仅保留主责资源；协作资源、供应商资源建议映射到文本字段，不导入Resource Names",""
"3","3","数据标准与主数据治理","摘要","","2026-06-08","2027-01-20","","信息化项目组","信息化项目组","","","信息化项目组","","","中","否","","MDM先行，支撑PLM/MES/ERP集成 [M]","信息化项目组","资源名称仅保留主责资源；协作资源、供应商资源建议映射到文本字段，不导入Resource Names",""
"4","4","MDM自研平台一期","摘要","","2026-07-01","2027-02-01","","信息化项目组","信息化项目组","","","信息化项目组","","","中","否","","自研，AI辅助编程；10月底一期上线节点不变 [M]","信息化项目组","资源名称仅保留主责资源；协作资源、供应商资源建议映射到文本字段，不导入Resource Names",""
"5","5","基础设施与AI底座","摘要","","2026-07-01","2027-01-29","","信息化项目组","信息化项目组","","","信息化项目组","","","中","否","","基础设施先行，满足MES测试环境前置条件；AI先支撑MDM自研和知识库 [M]","信息化项目组","资源名称仅保留主责资源；协作资源、供应商资源建议映射到文本字段，不导入Resource Names",""
"6","6","PLM基础深化","摘要","","2026-08-03","2027-05-01","","信息化项目组","信息化项目组","","","信息化项目组","","","中","否","","供应商确定前只做内部调研和方案，深化以实际开发集成进度为准 [M]","信息化项目组","资源名称仅保留主责资源；协作资源、供应商资源建议映射到文本字段，不导入Resource Names",""
"7","7","ERP/OA补强","摘要","","2026-08-03","2027-04-14","","信息化项目组","信息化项目组","","","信息化项目组","","","中","否","","现有用友U8；包含MRP、采购计划、生产计划补强 [M]","信息化项目组","资源名称仅保留主责资源；协作资源、供应商资源建议映射到文本字段，不导入Resource Names",""
"8","8","MES建设与QMS低代码平台","摘要","","2026-09-01","2027-05-14","","信息化项目组","信息化项目组","","","信息化项目组","","","中","否","","MES一期开到2027年4月底，QMS纳入MES建设下的子项目 [M]","信息化项目组","资源名称仅保留主责资源；协作资源、供应商资源建议映射到文本字段，不导入Resource Names",""
"9","9","全系统集成联调与现场推广","摘要","","2027-05-03","2028-02-08","","信息化项目组","信息化项目组","","","信息化项目组","","","中","否","","跨系统联调、现场推广、数据治理常态化 [M]","信息化项目组","资源名称仅保留主责资源；协作资源、供应商资源建议映射到文本字段，不导入Resource Names",""
"10","10","AI应用深化、驾驶舱与总体验收","摘要","","2027-05-03","2028-03-31","","信息化项目组","信息化项目组","","","信息化项目组","","","中","否","","2027年深化数字员工、知识库、驾驶舱，2028年1月底总体验收 [M]","信息化项目组","资源名称仅保留主责资源；协作资源、供应商资源建议映射到文本字段，不导入Resource Names",""
"11","1.1","项目启动会准备","启动","5工作日","2026-06-01","2026-06-05","","信息化项目组","信息化项目组","信息化项目管理工作室","","信息化项目组","","信息化项目管理工作室","中","否","启动会议程、参会清单","[M]","信息化项目管理工作室","资源名称仅保留主责资源；协作资源、供应商资源建议映射到文本字段，不导入Resource Names",""
"12","1.2","项目启动会召开","里程碑","0工作日","2026-06-08","2026-06-08","11","信息化项目组","信息化项目组","项目决策组;信息化项目管理工作室","","信息化项目组","","项目决策组","中","是","项目启动会纪要","[M]","项目决策组;信息化项目管理工作室","资源名称仅保留主责资源；协作资源、供应商资源建议映射到文本字段，不导入Resource Names",""
"13","1.3","项目治理机制建立","管理","5工作日","2026-06-09","2026-06-15","12","信息化项目组","信息化项目组","信息化项目管理工作室","","信息化项目组","","信息化项目管理工作室","中","否","周会、月报、风险台账、变更流程","[M]","信息化项目管理工作室","资源名称仅保留主责资源；协作资源、供应商资源建议映射到文本字段，不导入Resource Names",""
"14","1.4","现状调研计划编制","调研","5工作日","2026-06-16","2026-06-22","13","信息化项目组","信息化项目组","信息化项目管理工作室","","信息化项目组","","信息化项目管理工作室","中","否","调研计划","[M]","信息化项目管理工作室","资源名称仅保留主责资源；协作资源、供应商资源建议映射到文本字段，不导入Resource Names",""
"15","1.5","业务现状调研-数据与主数据","调研","8工作日","2026-06-23","2026-07-02","14","信息化项目组","信息化项目组","MDM工作组;数据质量工作组","","信息化项目组","","信息化项目管理工作室","中","否","调研记录","[M]","MDM工作组;数据质量工作组","资源名称仅保留主责资源；协作资源、供应商资源建议映射到文本字段，不导入Resource Names",""
"16","1.6","业务现状调研-PLM","调研","8工作日","2026-07-03","2026-07-14","15","信息化项目组","信息化项目组","PLM工作组","","信息化项目组","","信息化项目管理工作室","中","否","调研记录","[E]","PLM工作组","资源名称仅保留主责资源；协作资源、供应商资源建议映射到文本字段，不导入Resource Names",""
"17","1.7","业务现状调研-MES/QMS","调研","10工作日","2026-07-15","2026-07-28","16","信息化项目组","信息化项目组","MES工作组","","信息化项目组","","信息化项目管理工作室","中","否","调研记录","[M]","MES工作组","资源名称仅保留主责资源；协作资源、供应商资源建议映射到文本字段，不导入Resource Names",""
"18","1.8","业务现状调研-ERP/OA","调研","8工作日","2026-07-29","2026-08-07","17","信息化项目组","信息化项目组","ERP·OA工作组","","信息化项目组","","信息化项目管理工作室","中","否","调研记录","[E]","ERP·OA工作组","资源名称仅保留主责资源；协作资源、供应商资源建议映射到文本字段，不导入Resource Names",""
"19","1.9","基础设施与网络现状调研","调研","8工作日","2026-08-10","2026-08-19","18","信息化项目组","信息化项目组","网络工程组;技术架构组","","信息化项目组","","信息化项目管理工作室","中","否","调研记录","[E]","网络工程组;技术架构组","资源名称仅保留主责资源；协作资源、供应商资源建议映射到文本字段，不导入Resource Names",""
"20","1.10","总体蓝图初稿编制","设计","15工作日","2026-08-20","2026-09-09","19","信息化项目组","信息化项目组","信息化项目管理工作室;技术架构组","","信息化项目组","","信息化项目管理工作室","高","否","总体蓝图初稿","[M]","信息化项目管理工作室;技术架构组","资源名称仅保留主责资源；协作资源、供应商资源建议映射到文本字段，不导入Resource Names",""
"21","1.11","业务流程梳理与主映射关系整理","设计","15工作日","2026-09-10","2026-09-30","20","信息化项目组","信息化项目组","PLM工作组;MES工作组;ERP·OA工作组","","信息化项目组","","信息化项目管理工作室","中","否","部门能力-业务流程-业务行为-应用系统映射","[M]","PLM工作组;MES工作组;ERP·OA工作组","资源名称仅保留主责资源；协作资源、供应商资源建议映射到文本字段，不导入Resource Names",""
"22","1.12","总体系统架构设计","设计","10工作日","2026-10-01","2026-10-14","21","信息化项目组","信息化项目组","技术架构组","","信息化项目组","","信息化项目管理工作室","中","否","系统架构方案","[M]","技术架构组","资源名称仅保留主责资源；协作资源、供应商资源建议映射到文本字段，不导入Resource Names",""
"23","1.13","总体实施计划评审准备","评审","5工作日","2026-10-15","2026-10-21","22","信息化项目组","信息化项目组","信息化项目管理工作室","","信息化项目组","","项目决策组","中","否","评审材料","[E]","信息化项目管理工作室","资源名称仅保留主责资源；协作资源、供应商资源建议映射到文本字段，不导入Resource Names",""
"24","1.14","总体蓝图评审通过","里程碑","0工作日","2026-10-22","2026-10-22","23","信息化项目组","信息化项目组","项目决策组","","信息化项目组","","项目决策组","高","是","总体蓝图评审意见","[M]","项目决策组","资源名称仅保留主责资源；协作资源、供应商资源建议映射到文本字段，不导入Resource Names",""
"25","2.1.1","基础设施-方案评审材料准备","方案评审","8工作日","2026-07-01","2026-07-10","12","基础设施工作组","基础设施工作组","信息化项目管理工作室","基础设施供应商","基础设施工作组","基础设施供应商","信息化项目管理工作室","中","否","基础设施方案评审材料准备","重大评审尽量串行；供应商合同后2周进场准备 [M]","信息化项目管理工作室;基础设施供应商","资源名称仅保留主责资源；协作资源、供应商资源建议映射到文本字段，不导入Resource Names",""
"26","2.1.2","基础设施-技术方案与预算评审","评审","3工作日","2026-07-13","2026-07-15","25","基础设施工作组","基础设施工作组","信息化项目管理工作室","基础设施供应商","基础设施工作组","基础设施供应商","项目决策组","中","否","基础设施技术方案与预算评审","重大评审尽量串行；供应商合同后2周进场准备 [E]","信息化项目管理工作室;基础设施供应商","资源名称仅保留主责资源；协作资源、供应商资源建议映射到文本字段，不导入Resource Names",""
"27","2.1.3","基础设施-招标/比选文件编制","招采","8工作日","2026-07-16","2026-07-27","26","基础设施工作组","基础设施工作组","信息化项目管理工作室","基础设施供应商","基础设施工作组","基础设施供应商","信息化项目管理工作室","中","否","基础设施招标/比选文件编制","重大评审尽量串行；供应商合同后2周进场准备 [E]","信息化项目管理工作室;基础设施供应商","资源名称仅保留主责资源；协作资源、供应商资源建议映射到文本字段，不导入Resource Names",""
"28","2.1.4","基础设施-招标/比选与答疑","招采","18工作日","2026-07-28","2026-08-20","27","基础设施工作组","基础设施工作组","信息化项目管理工作室","基础设施供应商","基础设施工作组","基础设施供应商","信息化项目管理工作室","中","否","基础设施招标/比选与答疑","重大评审尽量串行；供应商合同后2周进场准备 [E]","信息化项目管理工作室;基础设施供应商","资源名称仅保留主责资源；协作资源、供应商资源建议映射到文本字段，不导入Resource Names",""
"29","2.1.5","基础设施-评标/选型与商务谈判","招采","10工作日","2026-08-21","2026-09-03","28","基础设施工作组","基础设施工作组","信息化项目管理工作室","基础设施供应商","基础设施工作组","基础设施供应商","信息化项目管理工作室","中","否","基础设施评标/选型与商务谈判","重大评审尽量串行；供应商合同后2周进场准备 [E]","信息化项目管理工作室;基础设施供应商","资源名称仅保留主责资源；协作资源、供应商资源建议映射到文本字段，不导入Resource Names",""
"30","2.1.6","基础设施-合同审批与签订","合同","8工作日","2026-09-04","2026-09-15","29","基础设施工作组","基础设施工作组","信息化项目管理工作室","基础设施供应商","基础设施工作组","基础设施供应商","项目决策组","中","否","基础设施合同审批与签订","重大评审尽量串行；供应商合同后2周进场准备 [E]","信息化项目管理工作室;基础设施供应商","资源名称仅保留主责资源；协作资源、供应商资源建议映射到文本字段，不导入Resource Names",""
"31","2.1.7","基础设施-供应商进场准备","进场","10工作日","2026-09-16","2026-09-29","30","基础设施工作组","基础设施工作组","信息化项目管理工作室","基础设施供应商","基础设施工作组","基础设施供应商","信息化项目管理工作室","中","否","基础设施供应商进场准备","重大评审尽量串行；供应商合同后2周进场准备 [E]","信息化项目管理工作室;基础设施供应商","资源名称仅保留主责资源；协作资源、供应商资源建议映射到文本字段，不导入Resource Names",""
"32","2.1.8","基础设施-供应商正式进场","里程碑","0工作日","2026-09-30","2026-09-30","31","基础设施工作组","基础设施工作组","信息化项目管理工作室","基础设施供应商","基础设施工作组","基础设施供应商","信息化项目管理工作室","中","是","基础设施供应商正式进场","重大评审尽量串行；供应商合同后2周进场准备 [M]","信息化项目管理工作室;基础设施供应商","资源名称仅保留主责资源；协作资源、供应商资源建议映射到文本字段，不导入Resource Names",""
"33","2.2.1","AI服务器/本地模型环境-方案评审材料准备","方案评审","8工作日","2026-07-15","2026-07-24","12","基础设施工作组","基础设施工作组","信息化项目管理工作室","AI服务器供应商","基础设施工作组","AI服务器供应商","信息化项目管理工作室","中","否","AI服务器/本地模型环境方案评审材料准备","重大评审尽量串行；供应商合同后2周进场准备 [M]","信息化项目管理工作室;AI服务器供应商","资源名称仅保留主责资源；协作资源、供应商资源建议映射到文本字段，不导入Resource Names",""
"34","2.2.2","AI服务器/本地模型环境-技术方案与预算评审","评审","3工作日","2026-07-27","2026-07-29","33","基础设施工作组","基础设施工作组","信息化项目管理工作室","AI服务器供应商","基础设施工作组","AI服务器供应商","项目决策组","中","否","AI服务器/本地模型环境技术方案与预算评审","重大评审尽量串行；供应商合同后2周进场准备 [E]","信息化项目管理工作室;AI服务器供应商","资源名称仅保留主责资源；协作资源、供应商资源建议映射到文本字段，不导入Resource Names",""
"35","2.2.3","AI服务器/本地模型环境-招标/比选文件编制","招采","8工作日","2026-07-30","2026-08-10","34","基础设施工作组","基础设施工作组","信息化项目管理工作室","AI服务器供应商","基础设施工作组","AI服务器供应商","信息化项目管理工作室","中","否","AI服务器/本地模型环境招标/比选文件编制","重大评审尽量串行；供应商合同后2周进场准备 [E]","信息化项目管理工作室;AI服务器供应商","资源名称仅保留主责资源；协作资源、供应商资源建议映射到文本字段，不导入Resource Names",""
"36","2.2.4","AI服务器/本地模型环境-招标/比选与答疑","招采","18工作日","2026-08-11","2026-09-03","35","基础设施工作组","基础设施工作组","信息化项目管理工作室","AI服务器供应商","基础设施工作组","AI服务器供应商","信息化项目管理工作室","中","否","AI服务器/本地模型环境招标/比选与答疑","重大评审尽量串行；供应商合同后2周进场准备 [E]","信息化项目管理工作室;AI服务器供应商","资源名称仅保留主责资源；协作资源、供应商资源建议映射到文本字段，不导入Resource Names",""
"37","2.2.5","AI服务器/本地模型环境-评标/选型与商务谈判","招采","10工作日","2026-09-04","2026-09-17","36","基础设施工作组","基础设施工作组","信息化项目管理工作室","AI服务器供应商","基础设施工作组","AI服务器供应商","信息化项目管理工作室","中","否","AI服务器/本地模型环境评标/选型与商务谈判","重大评审尽量串行；供应商合同后2周进场准备 [E]","信息化项目管理工作室;AI服务器供应商","资源名称仅保留主责资源；协作资源、供应商资源建议映射到文本字段，不导入Resource Names",""
"38","2.2.6","AI服务器/本地模型环境-合同审批与签订","合同","8工作日","2026-09-18","2026-09-29","37","基础设施工作组","基础设施工作组","信息化项目管理工作室","AI服务器供应商","基础设施工作组","AI服务器供应商","项目决策组","中","否","AI服务器/本地模型环境合同审批与签订","重大评审尽量串行；供应商合同后2周进场准备 [E]","信息化项目管理工作室;AI服务器供应商","资源名称仅保留主责资源；协作资源、供应商资源建议映射到文本字段，不导入Resource Names",""
"39","2.2.7","AI服务器/本地模型环境-供应商进场准备","进场","10工作日","2026-09-30","2026-10-13","38","基础设施工作组","基础设施工作组","信息化项目管理工作室","AI服务器供应商","基础设施工作组","AI服务器供应商","信息化项目管理工作室","中","否","AI服务器/本地模型环境供应商进场准备","重大评审尽量串行；供应商合同后2周进场准备 [E]","信息化项目管理工作室;AI服务器供应商","资源名称仅保留主责资源；协作资源、供应商资源建议映射到文本字段，不导入Resource Names",""
"40","2.2.8","AI服务器/本地模型环境-供应商正式进场","里程碑","0工作日","2026-10-14","2026-10-14","39","基础设施工作组","基础设施工作组","信息化项目管理工作室","AI服务器供应商","基础设施工作组","AI服务器供应商","信息化项目管理工作室","中","是","AI服务器/本地模型环境供应商正式进场","重大评审尽量串行；供应商合同后2周进场准备 [M]","信息化项目管理工作室;AI服务器供应商","资源名称仅保留主责资源；协作资源、供应商资源建议映射到文本字段，不导入Resource Names",""
"41","2.3.1","虚拟化/瘦终端平台-方案评审材料准备","方案评审","8工作日","2026-07-15","2026-07-24","12","基础设施工作组","基础设施工作组","信息化项目管理工作室","基础设施供应商","基础设施工作组","基础设施供应商","信息化项目管理工作室","中","否","虚拟化/瘦终端平台方案评审材料准备","重大评审尽量串行；供应商合同后2周进场准备 [E]","信息化项目管理工作室;基础设施供应商","资源名称仅保留主责资源；协作资源、供应商资源建议映射到文本字段，不导入Resource Names",""
"42","2.3.2","虚拟化/瘦终端平台-技术方案与预算评审","评审","3工作日","2026-07-27","2026-07-29","41","基础设施工作组","基础设施工作组","信息化项目管理工作室","基础设施供应商","基础设施工作组","基础设施供应商","项目决策组","中","否","虚拟化/瘦终端平台技术方案与预算评审","重大评审尽量串行；供应商合同后2周进场准备 [E]","信息化项目管理工作室;基础设施供应商","资源名称仅保留主责资源；协作资源、供应商资源建议映射到文本字段，不导入Resource Names",""
"43","2.3.3","虚拟化/瘦终端平台-招标/比选文件编制","招采","8工作日","2026-07-30","2026-08-10","42","基础设施工作组","基础设施工作组","信息化项目管理工作室","基础设施供应商","基础设施工作组","基础设施供应商","信息化项目管理工作室","中","否","虚拟化/瘦终端平台招标/比选文件编制","重大评审尽量串行；供应商合同后2周进场准备 [E]","信息化项目管理工作室;基础设施供应商","资源名称仅保留主责资源；协作资源、供应商资源建议映射到文本字段，不导入Resource Names",""
"44","2.3.4","虚拟化/瘦终端平台-招标/比选与答疑","招采","18工作日","2026-08-11","2026-09-03","43","基础设施工作组","基础设施工作组","信息化项目管理工作室","基础设施供应商","基础设施工作组","基础设施供应商","信息化项目管理工作室","中","否","虚拟化/瘦终端平台招标/比选与答疑","重大评审尽量串行；供应商合同后2周进场准备 [E]","信息化项目管理工作室;基础设施供应商","资源名称仅保留主责资源；协作资源、供应商资源建议映射到文本字段，不导入Resource Names",""
"45","2.3.5","虚拟化/瘦终端平台-评标/选型与商务谈判","招采","10工作日","2026-09-04","2026-09-17","44","基础设施工作组","基础设施工作组","信息化项目管理工作室","基础设施供应商","基础设施工作组","基础设施供应商","信息化项目管理工作室","中","否","虚拟化/瘦终端平台评标/选型与商务谈判","重大评审尽量串行；供应商合同后2周进场准备 [E]","信息化项目管理工作室;基础设施供应商","资源名称仅保留主责资源；协作资源、供应商资源建议映射到文本字段，不导入Resource Names",""
"46","2.3.6","虚拟化/瘦终端平台-合同审批与签订","合同","8工作日","2026-09-18","2026-09-29","45","基础设施工作组","基础设施工作组","信息化项目管理工作室","基础设施供应商","基础设施工作组","基础设施供应商","项目决策组","中","否","虚拟化/瘦终端平台合同审批与签订","重大评审尽量串行；供应商合同后2周进场准备 [E]","信息化项目管理工作室;基础设施供应商","资源名称仅保留主责资源；协作资源、供应商资源建议映射到文本字段，不导入Resource Names",""
"47","2.3.7","虚拟化/瘦终端平台-供应商进场准备","进场","10工作日","2026-09-30","2026-10-13","46","基础设施工作组","基础设施工作组","信息化项目管理工作室","基础设施供应商","基础设施工作组","基础设施供应商","信息化项目管理工作室","中","否","虚拟化/瘦终端平台供应商进场准备","重大评审尽量串行；供应商合同后2周进场准备 [E]","信息化项目管理工作室;基础设施供应商","资源名称仅保留主责资源；协作资源、供应商资源建议映射到文本字段，不导入Resource Names",""
"48","2.3.8","虚拟化/瘦终端平台-供应商正式进场","里程碑","0工作日","2026-10-14","2026-10-14","47","基础设施工作组","基础设施工作组","信息化项目管理工作室","基础设施供应商","基础设施工作组","基础设施供应商","信息化项目管理工作室","中","是","虚拟化/瘦终端平台供应商正式进场","重大评审尽量串行；供应商合同后2周进场准备 [M]","信息化项目管理工作室;基础设施供应商","资源名称仅保留主责资源；协作资源、供应商资源建议映射到文本字段，不导入Resource Names",""
"49","2.4.1","PLM深化-方案评审材料准备","方案评审","8工作日","2026-08-17","2026-08-26","12","PLM工作组","PLM工作组","信息化项目管理工作室","PLM供应商","PLM工作组","PLM供应商","信息化项目管理工作室","高","否","PLM深化方案评审材料准备","重大评审尽量串行；供应商合同后2周进场准备 [M]","信息化项目管理工作室;PLM供应商","资源名称仅保留主责资源；协作资源、供应商资源建议映射到文本字段，不导入Resource Names",""
"50","2.4.2","PLM深化-技术方案与预算评审","评审","3工作日","2026-08-27","2026-08-31","49","PLM工作组","PLM工作组","信息化项目管理工作室","PLM供应商","PLM工作组","PLM供应商","项目决策组","高","否","PLM深化技术方案与预算评审","重大评审尽量串行；供应商合同后2周进场准备 [E]","信息化项目管理工作室;PLM供应商","资源名称仅保留主责资源；协作资源、供应商资源建议映射到文本字段，不导入Resource Names",""
"51","2.4.3","PLM深化-招标/比选文件编制","招采","8工作日","2026-09-01","2026-09-10","50","PLM工作组","PLM工作组","信息化项目管理工作室","PLM供应商","PLM工作组","PLM供应商","信息化项目管理工作室","高","否","PLM深化招标/比选文件编制","重大评审尽量串行；供应商合同后2周进场准备 [E]","信息化项目管理工作室;PLM供应商","资源名称仅保留主责资源；协作资源、供应商资源建议映射到文本字段，不导入Resource Names",""
"52","2.4.4","PLM深化-招标/比选与答疑","招采","25工作日","2026-09-11","2026-10-15","51","PLM工作组","PLM工作组","信息化项目管理工作室","PLM供应商","PLM工作组","PLM供应商","信息化项目管理工作室","高","否","PLM深化招标/比选与答疑","重大评审尽量串行；供应商合同后2周进场准备 [M]","信息化项目管理工作室;PLM供应商","资源名称仅保留主责资源；协作资源、供应商资源建议映射到文本字段，不导入Resource Names",""
"53","2.4.5","PLM深化-评标/选型与商务谈判","招采","10工作日","2026-10-16","2026-10-29","52","PLM工作组","PLM工作组","信息化项目管理工作室","PLM供应商","PLM工作组","PLM供应商","信息化项目管理工作室","高","否","PLM深化评标/选型与商务谈判","重大评审尽量串行；供应商合同后2周进场准备 [E]","信息化项目管理工作室;PLM供应商","资源名称仅保留主责资源；协作资源、供应商资源建议映射到文本字段，不导入Resource Names",""
"54","2.4.6","PLM深化-合同审批与签订","合同","8工作日","2026-10-30","2026-11-10","53","PLM工作组","PLM工作组","信息化项目管理工作室","PLM供应商","PLM工作组","PLM供应商","项目决策组","高","否","PLM深化合同审批与签订","重大评审尽量串行；供应商合同后2周进场准备 [E]","信息化项目管理工作室;PLM供应商","资源名称仅保留主责资源；协作资源、供应商资源建议映射到文本字段，不导入Resource Names",""
"55","2.4.7","PLM深化-供应商进场准备","进场","10工作日","2026-11-11","2026-11-24","54","PLM工作组","PLM工作组","信息化项目管理工作室","PLM供应商","PLM工作组","PLM供应商","信息化项目管理工作室","高","否","PLM深化供应商进场准备","重大评审尽量串行；供应商合同后2周进场准备 [E]","信息化项目管理工作室;PLM供应商","资源名称仅保留主责资源；协作资源、供应商资源建议映射到文本字段，不导入Resource Names",""
"56","2.4.8","PLM深化-供应商正式进场","里程碑","0工作日","2026-11-25","2026-11-25","55","PLM工作组","PLM工作组","信息化项目管理工作室","PLM供应商","PLM工作组","PLM供应商","信息化项目管理工作室","高","是","PLM深化供应商正式进场","重大评审尽量串行；供应商合同后2周进场准备 [M]","信息化项目管理工作室;PLM供应商","资源名称仅保留主责资源；协作资源、供应商资源建议映射到文本字段，不导入Resource Names",""
"57","2.5.1","MES/QMS-方案评审材料准备","方案评审","8工作日","2026-09-01","2026-09-10","12","MES工作组","MES工作组","信息化项目管理工作室","MES供应商;低代码平台供应商","MES工作组","MES供应商;低代码平台供应商","信息化项目管理工作室","高","否","MES/QMS方案评审材料准备","重大评审尽量串行；供应商合同后2周进场准备 [M]","信息化项目管理工作室;MES供应商;低代码平台供应商","资源名称仅保留主责资源；协作资源、供应商资源建议映射到文本字段，不导入Resource Names",""
"58","2.5.2","MES/QMS-技术方案与预算评审","评审","3工作日","2026-09-11","2026-09-15","57","MES工作组","MES工作组","信息化项目管理工作室","MES供应商;低代码平台供应商","MES工作组","MES供应商;低代码平台供应商","项目决策组","高","否","MES/QMS技术方案与预算评审","重大评审尽量串行；供应商合同后2周进场准备 [E]","信息化项目管理工作室;MES供应商;低代码平台供应商","资源名称仅保留主责资源；协作资源、供应商资源建议映射到文本字段，不导入Resource Names",""
"59","2.5.3","MES/QMS-招标/比选文件编制","招采","8工作日","2026-09-16","2026-09-25","58","MES工作组","MES工作组","信息化项目管理工作室","MES供应商;低代码平台供应商","MES工作组","MES供应商;低代码平台供应商","信息化项目管理工作室","高","否","MES/QMS招标/比选文件编制","重大评审尽量串行；供应商合同后2周进场准备 [E]","信息化项目管理工作室;MES供应商;低代码平台供应商","资源名称仅保留主责资源；协作资源、供应商资源建议映射到文本字段，不导入Resource Names",""
"60","2.5.4","MES/QMS-招标/比选与答疑","招采","25工作日","2026-09-28","2026-10-30","59","MES工作组","MES工作组","信息化项目管理工作室","MES供应商;低代码平台供应商","MES工作组","MES供应商;低代码平台供应商","信息化项目管理工作室","高","否","MES/QMS招标/比选与答疑","重大评审尽量串行；供应商合同后2周进场准备 [M]","信息化项目管理工作室;MES供应商;低代码平台供应商","资源名称仅保留主责资源；协作资源、供应商资源建议映射到文本字段，不导入Resource Names",""
"61","2.5.5","MES/QMS-评标/选型与商务谈判","招采","10工作日","2026-11-02","2026-11-13","60","MES工作组","MES工作组","信息化项目管理工作室","MES供应商;低代码平台供应商","MES工作组","MES供应商;低代码平台供应商","信息化项目管理工作室","高","否","MES/QMS评标/选型与商务谈判","重大评审尽量串行；供应商合同后2周进场准备 [E]","信息化项目管理工作室;MES供应商;低代码平台供应商","资源名称仅保留主责资源；协作资源、供应商资源建议映射到文本字段，不导入Resource Names",""
"62","2.5.6","MES/QMS-合同审批与签订","合同","8工作日","2026-11-16","2026-11-25","61","MES工作组","MES工作组","信息化项目管理工作室","MES供应商;低代码平台供应商","MES工作组","MES供应商;低代码平台供应商","项目决策组","高","否","MES/QMS合同审批与签订","重大评审尽量串行；供应商合同后2周进场准备 [E]","信息化项目管理工作室;MES供应商;低代码平台供应商","资源名称仅保留主责资源；协作资源、供应商资源建议映射到文本字段，不导入Resource Names",""
"63","2.5.7","MES/QMS-供应商进场准备","进场","10工作日","2026-11-26","2026-12-09","62","MES工作组","MES工作组","信息化项目管理工作室","MES供应商;低代码平台供应商","MES工作组","MES供应商;低代码平台供应商","信息化项目管理工作室","高","否","MES/QMS供应商进场准备","重大评审尽量串行；供应商合同后2周进场准备 [M]","信息化项目管理工作室;MES供应商;低代码平台供应商","资源名称仅保留主责资源；协作资源、供应商资源建议映射到文本字段，不导入Resource Names",""
"64","2.5.8","MES/QMS-供应商正式进场","里程碑","0工作日","2026-12-10","2026-12-10","63","MES工作组","MES工作组","信息化项目管理工作室","MES供应商;低代码平台供应商","MES工作组","MES供应商;低代码平台供应商","信息化项目管理工作室","高","是","MES/QMS供应商正式进场","重大评审尽量串行；供应商合同后2周进场准备 [M]","信息化项目管理工作室;MES供应商;低代码平台供应商","资源名称仅保留主责资源；协作资源、供应商资源建议映射到文本字段，不导入Resource Names",""
"65","2.6.1","设备数据采集硬件/网关-方案评审材料准备","方案评审","8工作日","2027-05-10","2027-05-19","12","MES工作组","MES工作组","信息化项目管理工作室","设备采集供应商","MES工作组","设备采集供应商","信息化项目管理工作室","中","否","设备数据采集硬件/网关方案评审材料准备","重大评审尽量串行；供应商合同后2周进场准备 [M]","信息化项目管理工作室;设备采集供应商","资源名称仅保留主责资源；协作资源、供应商资源建议映射到文本字段，不导入Resource Names",""
"66","2.6.2","设备数据采集硬件/网关-技术方案与预算评审","评审","3工作日","2027-05-20","2027-05-24","65","MES工作组","MES工作组","信息化项目管理工作室","设备采集供应商","MES工作组","设备采集供应商","项目决策组","中","否","设备数据采集硬件/网关技术方案与预算评审","重大评审尽量串行；供应商合同后2周进场准备 [E]","信息化项目管理工作室;设备采集供应商","资源名称仅保留主责资源；协作资源、供应商资源建议映射到文本字段，不导入Resource Names",""
"67","2.6.3","设备数据采集硬件/网关-招标/比选文件编制","招采","8工作日","2027-05-25","2027-06-03","66","MES工作组","MES工作组","信息化项目管理工作室","设备采集供应商","MES工作组","设备采集供应商","信息化项目管理工作室","中","否","设备数据采集硬件/网关招标/比选文件编制","重大评审尽量串行；供应商合同后2周进场准备 [E]","信息化项目管理工作室;设备采集供应商","资源名称仅保留主责资源；协作资源、供应商资源建议映射到文本字段，不导入Resource Names",""
"68","2.6.4","设备数据采集硬件/网关-招标/比选与答疑","招采","25工作日","2027-06-04","2027-07-08","67","MES工作组","MES工作组","信息化项目管理工作室","设备采集供应商","MES工作组","设备采集供应商","信息化项目管理工作室","中","否","设备数据采集硬件/网关招标/比选与答疑","重大评审尽量串行；供应商合同后2周进场准备 [E]","信息化项目管理工作室;设备采集供应商","资源名称仅保留主责资源；协作资源、供应商资源建议映射到文本字段，不导入Resource Names",""
"69","2.6.5","设备数据采集硬件/网关-评标/选型与商务谈判","招采","10工作日","2027-07-09","2027-07-22","68","MES工作组","MES工作组","信息化项目管理工作室","设备采集供应商","MES工作组","设备采集供应商","信息化项目管理工作室","中","否","设备数据采集硬件/网关评标/选型与商务谈判","重大评审尽量串行；供应商合同后2周进场准备 [E]","信息化项目管理工作室;设备采集供应商","资源名称仅保留主责资源；协作资源、供应商资源建议映射到文本字段，不导入Resource Names",""
"70","2.6.6","设备数据采集硬件/网关-合同审批与签订","合同","8工作日","2027-07-23","2027-08-03","69","MES工作组","MES工作组","信息化项目管理工作室","设备采集供应商","MES工作组","设备采集供应商","项目决策组","中","否","设备数据采集硬件/网关合同审批与签订","重大评审尽量串行；供应商合同后2周进场准备 [E]","信息化项目管理工作室;设备采集供应商","资源名称仅保留主责资源；协作资源、供应商资源建议映射到文本字段，不导入Resource Names",""
"71","2.6.7","设备数据采集硬件/网关-供应商进场准备","进场","10工作日","2027-08-04","2027-08-17","70","MES工作组","MES工作组","信息化项目管理工作室","设备采集供应商","MES工作组","设备采集供应商","信息化项目管理工作室","中","否","设备数据采集硬件/网关供应商进场准备","重大评审尽量串行；供应商合同后2周进场准备 [E]","信息化项目管理工作室;设备采集供应商","资源名称仅保留主责资源；协作资源、供应商资源建议映射到文本字段，不导入Resource Names",""
"72","2.6.8","设备数据采集硬件/网关-供应商正式进场","里程碑","0工作日","2027-08-18","2027-08-18","71","MES工作组","MES工作组","信息化项目管理工作室","设备采集供应商","MES工作组","设备采集供应商","信息化项目管理工作室","中","是","设备数据采集硬件/网关供应商正式进场","重大评审尽量串行；供应商合同后2周进场准备 [M]","信息化项目管理工作室;设备采集供应商","资源名称仅保留主责资源；协作资源、供应商资源建议映射到文本字段，不导入Resource Names",""
"73","3.1.1","组织/部门/岗位/人员标准-现状盘点","调研","5工作日","2026-06-08","2026-06-12","12","MDM工作组","MDM工作组","数据质量工作组;各业务工作组","","MDM工作组","","各部门授权审核员;数据质量工作组","中","否","组织人员标准","所有资源均按瓶颈处理，关键评审避免重叠 [E]","MDM工作组;数据质量工作组;各业务工作组","资源名称仅保留主责资源；协作资源、供应商资源建议映射到文本字段，不导入Resource Names",""
"74","3.1.2","组织/部门/岗位/人员标准-标准草案编制","设计","6工作日","2026-06-15","2026-06-22","73","MDM工作组","MDM工作组","数据质量工作组;各业务工作组","","MDM工作组","","各部门授权审核员;数据质量工作组","中","否","组织人员标准","所有资源均按瓶颈处理，关键评审避免重叠 [M]","MDM工作组;数据质量工作组;各业务工作组","资源名称仅保留主责资源；协作资源、供应商资源建议映射到文本字段，不导入Resource Names",""
"75","3.1.3","组织/部门/岗位/人员标准-业务评审","评审","3工作日","2026-06-23","2026-06-25","74","MDM工作组","MDM工作组","数据质量工作组;各业务工作组","","MDM工作组","","各部门授权审核员;数据质量工作组","中","否","组织人员标准","所有资源均按瓶颈处理，关键评审避免重叠 [E]","MDM工作组;数据质量工作组;各业务工作组","资源名称仅保留主责资源；协作资源、供应商资源建议映射到文本字段，不导入Resource Names",""
"76","3.1.4","组织/部门/岗位/人员标准-修订确认","修订","4工作日","2026-06-26","2026-07-01","75","MDM工作组","MDM工作组","数据质量工作组;各业务工作组","","MDM工作组","","各部门授权审核员;数据质量工作组","中","否","组织人员标准","所有资源均按瓶颈处理，关键评审避免重叠 [E]","MDM工作组;数据质量工作组;各业务工作组","资源名称仅保留主责资源；协作资源、供应商资源建议映射到文本字段，不导入Resource Names",""
"77","3.2.1","物料分类与物料编码标准-现状盘点","调研","5工作日","2026-07-02","2026-07-08","76","MDM工作组","MDM工作组","数据质量工作组;各业务工作组","","MDM工作组","","各部门授权审核员;数据质量工作组","高","否","物料分类、编码规则、属性模板","所有资源均按瓶颈处理，关键评审避免重叠 [E]","MDM工作组;数据质量工作组;各业务工作组","资源名称仅保留主责资源；协作资源、供应商资源建议映射到文本字段，不导入Resource Names",""
"78","3.2.2","物料分类与物料编码标准-标准草案编制","设计","6工作日","2026-07-09","2026-07-16","77","MDM工作组","MDM工作组","数据质量工作组;各业务工作组","","MDM工作组","","各部门授权审核员;数据质量工作组","高","否","物料分类、编码规则、属性模板","所有资源均按瓶颈处理，关键评审避免重叠 [M]","MDM工作组;数据质量工作组;各业务工作组","资源名称仅保留主责资源；协作资源、供应商资源建议映射到文本字段，不导入Resource Names",""
"79","3.2.3","物料分类与物料编码标准-业务评审","评审","3工作日","2026-07-17","2026-07-21","78","MDM工作组","MDM工作组","数据质量工作组;各业务工作组","","MDM工作组","","各部门授权审核员;数据质量工作组","高","否","物料分类、编码规则、属性模板","所有资源均按瓶颈处理，关键评审避免重叠 [E]","MDM工作组;数据质量工作组;各业务工作组","资源名称仅保留主责资源；协作资源、供应商资源建议映射到文本字段，不导入Resource Names",""
"80","3.2.4","物料分类与物料编码标准-修订确认","修订","4工作日","2026-07-22","2026-07-27","79","MDM工作组","MDM工作组","数据质量工作组;各业务工作组","","MDM工作组","","各部门授权审核员;数据质量工作组","高","否","物料分类、编码规则、属性模板","所有资源均按瓶颈处理，关键评审避免重叠 [E]","MDM工作组;数据质量工作组;各业务工作组","资源名称仅保留主责资源；协作资源、供应商资源建议映射到文本字段，不导入Resource Names",""
"81","3.3.1","EBOM/PBOM/MBOM数据口径-现状盘点","调研","5工作日","2026-07-28","2026-08-03","80","MDM工作组","MDM工作组","数据质量工作组;各业务工作组","","MDM工作组","","各部门授权审核员;数据质量工作组","高","否","三类BOM口径说明","所有资源均按瓶颈处理，关键评审避免重叠 [E]","MDM工作组;数据质量工作组;各业务工作组","资源名称仅保留主责资源；协作资源、供应商资源建议映射到文本字段，不导入Resource Names",""
"82","3.3.2","EBOM/PBOM/MBOM数据口径-标准草案编制","设计","6工作日","2026-08-04","2026-08-11","81","MDM工作组","MDM工作组","数据质量工作组;各业务工作组","","MDM工作组","","各部门授权审核员;数据质量工作组","高","否","三类BOM口径说明","所有资源均按瓶颈处理，关键评审避免重叠 [M]","MDM工作组;数据质量工作组;各业务工作组","资源名称仅保留主责资源；协作资源、供应商资源建议映射到文本字段，不导入Resource Names",""
"83","3.3.3","EBOM/PBOM/MBOM数据口径-业务评审","评审","3工作日","2026-08-12","2026-08-14","82","MDM工作组","MDM工作组","数据质量工作组;各业务工作组","","MDM工作组","","各部门授权审核员;数据质量工作组","高","否","三类BOM口径说明","所有资源均按瓶颈处理，关键评审避免重叠 [E]","MDM工作组;数据质量工作组;各业务工作组","资源名称仅保留主责资源；协作资源、供应商资源建议映射到文本字段，不导入Resource Names",""
"84","3.3.4","EBOM/PBOM/MBOM数据口径-修订确认","修订","4工作日","2026-08-17","2026-08-20","83","MDM工作组","MDM工作组","数据质量工作组;各业务工作组","","MDM工作组","","各部门授权审核员;数据质量工作组","高","否","三类BOM口径说明","所有资源均按瓶颈处理，关键评审避免重叠 [E]","MDM工作组;数据质量工作组;各业务工作组","资源名称仅保留主责资源；协作资源、供应商资源建议映射到文本字段，不导入Resource Names",""
"85","3.4.1","工艺资源标准-现状盘点","调研","5工作日","2026-08-21","2026-08-27","84","MDM工作组","MDM工作组","数据质量工作组;各业务工作组","","MDM工作组","","各部门授权审核员;数据质量工作组","中","否","设备、工装、工具、工位标准","所有资源均按瓶颈处理，关键评审避免重叠 [E]","MDM工作组;数据质量工作组;各业务工作组","资源名称仅保留主责资源；协作资源、供应商资源建议映射到文本字段，不导入Resource Names",""
"86","3.4.2","工艺资源标准-标准草案编制","设计","6工作日","2026-08-28","2026-09-04","85","MDM工作组","MDM工作组","数据质量工作组;各业务工作组","","MDM工作组","","各部门授权审核员;数据质量工作组","中","否","设备、工装、工具、工位标准","所有资源均按瓶颈处理，关键评审避免重叠 [M]","MDM工作组;数据质量工作组;各业务工作组","资源名称仅保留主责资源；协作资源、供应商资源建议映射到文本字段，不导入Resource Names",""
"87","3.4.3","工艺资源标准-业务评审","评审","3工作日","2026-09-07","2026-09-09","86","MDM工作组","MDM工作组","数据质量工作组;各业务工作组","","MDM工作组","","各部门授权审核员;数据质量工作组","中","否","设备、工装、工具、工位标准","所有资源均按瓶颈处理，关键评审避免重叠 [E]","MDM工作组;数据质量工作组;各业务工作组","资源名称仅保留主责资源；协作资源、供应商资源建议映射到文本字段，不导入Resource Names",""
"88","3.4.4","工艺资源标准-修订确认","修订","4工作日","2026-09-10","2026-09-15","87","MDM工作组","MDM工作组","数据质量工作组;各业务工作组","","MDM工作组","","各部门授权审核员;数据质量工作组","中","否","设备、工装、工具、工位标准","所有资源均按瓶颈处理，关键评审避免重叠 [E]","MDM工作组;数据质量工作组;各业务工作组","资源名称仅保留主责资源；协作资源、供应商资源建议映射到文本字段，不导入Resource Names",""
"89","3.5.1","供应商/客户/项目/架次标准-现状盘点","调研","5工作日","2026-09-16","2026-09-22","88","MDM工作组","MDM工作组","数据质量工作组;各业务工作组","","MDM工作组","","各部门授权审核员;数据质量工作组","中","否","供应商客户项目架次模板","所有资源均按瓶颈处理，关键评审避免重叠 [E]","MDM工作组;数据质量工作组;各业务工作组","资源名称仅保留主责资源；协作资源、供应商资源建议映射到文本字段，不导入Resource Names",""
"90","3.5.2","供应商/客户/项目/架次标准-标准草案编制","设计","6工作日","2026-09-23","2026-09-30","89","MDM工作组","MDM工作组","数据质量工作组;各业务工作组","","MDM工作组","","各部门授权审核员;数据质量工作组","中","否","供应商客户项目架次模板","所有资源均按瓶颈处理，关键评审避免重叠 [E]","MDM工作组;数据质量工作组;各业务工作组","资源名称仅保留主责资源；协作资源、供应商资源建议映射到文本字段，不导入Resource Names",""
"91","3.5.3","供应商/客户/项目/架次标准-业务评审","评审","3工作日","2026-10-01","2026-10-05","90","MDM工作组","MDM工作组","数据质量工作组;各业务工作组","","MDM工作组","","各部门授权审核员;数据质量工作组","中","否","供应商客户项目架次模板","所有资源均按瓶颈处理，关键评审避免重叠 [E]","MDM工作组;数据质量工作组;各业务工作组","资源名称仅保留主责资源；协作资源、供应商资源建议映射到文本字段，不导入Resource Names",""
"92","3.5.4","供应商/客户/项目/架次标准-修订确认","修订","4工作日","2026-10-06","2026-10-09","91","MDM工作组","MDM工作组","数据质量工作组;各业务工作组","","MDM工作组","","各部门授权审核员;数据质量工作组","中","否","供应商客户项目架次模板","所有资源均按瓶颈处理，关键评审避免重叠 [E]","MDM工作组;数据质量工作组;各业务工作组","资源名称仅保留主责资源；协作资源、供应商资源建议映射到文本字段，不导入Resource Names",""
"93","3.6.1","库房/库位/批次/条码规则-现状盘点","调研","5工作日","2026-10-12","2026-10-16","92","MDM工作组","MDM工作组","数据质量工作组;各业务工作组","","MDM工作组","","各部门授权审核员;数据质量工作组","中","否","库房库位批次条码规则","所有资源均按瓶颈处理，关键评审避免重叠 [E]","MDM工作组;数据质量工作组;各业务工作组","资源名称仅保留主责资源；协作资源、供应商资源建议映射到文本字段，不导入Resource Names",""
"94","3.6.2","库房/库位/批次/条码规则-标准草案编制","设计","6工作日","2026-10-19","2026-10-26","93","MDM工作组","MDM工作组","数据质量工作组;各业务工作组","","MDM工作组","","各部门授权审核员;数据质量工作组","中","否","库房库位批次条码规则","所有资源均按瓶颈处理，关键评审避免重叠 [M]","MDM工作组;数据质量工作组;各业务工作组","资源名称仅保留主责资源；协作资源、供应商资源建议映射到文本字段，不导入Resource Names",""
"95","3.6.3","库房/库位/批次/条码规则-业务评审","评审","3工作日","2026-10-27","2026-10-29","94","MDM工作组","MDM工作组","数据质量工作组;各业务工作组","","MDM工作组","","各部门授权审核员;数据质量工作组","中","否","库房库位批次条码规则","所有资源均按瓶颈处理，关键评审避免重叠 [E]","MDM工作组;数据质量工作组;各业务工作组","资源名称仅保留主责资源；协作资源、供应商资源建议映射到文本字段，不导入Resource Names",""
"96","3.6.4","库房/库位/批次/条码规则-修订确认","修订","4工作日","2026-10-30","2026-11-04","95","MDM工作组","MDM工作组","数据质量工作组;各业务工作组","","MDM工作组","","各部门授权审核员;数据质量工作组","中","否","库房库位批次条码规则","所有资源均按瓶颈处理，关键评审避免重叠 [E]","MDM工作组;数据质量工作组;各业务工作组","资源名称仅保留主责资源；协作资源、供应商资源建议映射到文本字段，不导入Resource Names",""
"97","3.7.1","主数据清洗去重补全-现状盘点","调研","5工作日","2026-11-05","2026-11-11","96","MDM工作组","MDM工作组","数据质量工作组;各业务工作组","","MDM工作组","","各部门授权审核员;数据质量工作组","中","否","数据清洗报告","所有资源均按瓶颈处理，关键评审避免重叠 [E]","MDM工作组;数据质量工作组;各业务工作组","资源名称仅保留主责资源；协作资源、供应商资源建议映射到文本字段，不导入Resource Names",""
"98","3.7.2","主数据清洗去重补全-标准草案编制","设计","6工作日","2026-11-12","2026-11-19","97","MDM工作组","MDM工作组","数据质量工作组;各业务工作组","","MDM工作组","","各部门授权审核员;数据质量工作组","中","否","数据清洗报告","所有资源均按瓶颈处理，关键评审避免重叠 [M]","MDM工作组;数据质量工作组;各业务工作组","资源名称仅保留主责资源；协作资源、供应商资源建议映射到文本字段，不导入Resource Names",""
"99","3.7.3","主数据清洗去重补全-业务评审","评审","3工作日","2026-11-20","2026-11-24","98","MDM工作组","MDM工作组","数据质量工作组;各业务工作组","","MDM工作组","","各部门授权审核员;数据质量工作组","中","否","数据清洗报告","所有资源均按瓶颈处理，关键评审避免重叠 [E]","MDM工作组;数据质量工作组;各业务工作组","资源名称仅保留主责资源；协作资源、供应商资源建议映射到文本字段，不导入Resource Names",""
"100","3.7.4","主数据清洗去重补全-修订确认","修订","4工作日","2026-11-25","2026-11-30","99","MDM工作组","MDM工作组","数据质量工作组;各业务工作组","","MDM工作组","","各部门授权审核员;数据质量工作组","中","否","数据清洗报告","所有资源均按瓶颈处理，关键评审避免重叠 [E]","MDM工作组;数据质量工作组;各业务工作组","资源名称仅保留主责资源；协作资源、供应商资源建议映射到文本字段，不导入Resource Names",""
"101","3.8.1","数据质量问题清单建立-现状盘点","调研","5工作日","2026-12-01","2026-12-07","100","MDM工作组","MDM工作组","数据质量工作组;各业务工作组","","MDM工作组","","各部门授权审核员;数据质量工作组","中","否","数据质量问题清单","所有资源均按瓶颈处理，关键评审避免重叠 [E]","MDM工作组;数据质量工作组;各业务工作组","资源名称仅保留主责资源；协作资源、供应商资源建议映射到文本字段，不导入Resource Names",""
"102","3.8.2","数据质量问题清单建立-标准草案编制","设计","6工作日","2026-12-08","2026-12-15","101","MDM工作组","MDM工作组","数据质量工作组;各业务工作组","","MDM工作组","","各部门授权审核员;数据质量工作组","中","否","数据质量问题清单","所有资源均按瓶颈处理，关键评审避免重叠 [M]","MDM工作组;数据质量工作组;各业务工作组","资源名称仅保留主责资源；协作资源、供应商资源建议映射到文本字段，不导入Resource Names",""
"103","3.8.3","数据质量问题清单建立-业务评审","评审","3工作日","2026-12-16","2026-12-18","102","MDM工作组","MDM工作组","数据质量工作组;各业务工作组","","MDM工作组","","各部门授权审核员;数据质量工作组","中","否","数据质量问题清单","所有资源均按瓶颈处理，关键评审避免重叠 [E]","MDM工作组;数据质量工作组;各业务工作组","资源名称仅保留主责资源；协作资源、供应商资源建议映射到文本字段，不导入Resource Names",""
"104","3.8.4","数据质量问题清单建立-修订确认","修订","4工作日","2026-12-21","2026-12-24","103","MDM工作组","MDM工作组","数据质量工作组;各业务工作组","","MDM工作组","","各部门授权审核员;数据质量工作组","中","否","数据质量问题清单","所有资源均按瓶颈处理，关键评审避免重叠 [E]","MDM工作组;数据质量工作组;各业务工作组","资源名称仅保留主责资源；协作资源、供应商资源建议映射到文本字段，不导入Resource Names",""
"105","3.9.1","主数据标准V1.0发布培训-现状盘点","调研","5工作日","2026-12-25","2026-12-31","104","MDM工作组","MDM工作组","数据质量工作组;各业务工作组","","MDM工作组","","各部门授权审核员;数据质量工作组","中","否","发布材料与培训记录","所有资源均按瓶颈处理，关键评审避免重叠 [E]","MDM工作组;数据质量工作组;各业务工作组","资源名称仅保留主责资源；协作资源、供应商资源建议映射到文本字段，不导入Resource Names",""
"106","3.9.2","主数据标准V1.0发布培训-标准草案编制","设计","6工作日","2027-01-01","2027-01-08","105","MDM工作组","MDM工作组","数据质量工作组;各业务工作组","","MDM工作组","","各部门授权审核员;数据质量工作组","中","否","发布材料与培训记录","所有资源均按瓶颈处理，关键评审避免重叠 [M]","MDM工作组;数据质量工作组;各业务工作组","资源名称仅保留主责资源；协作资源、供应商资源建议映射到文本字段，不导入Resource Names",""
"107","3.9.3","主数据标准V1.0发布培训-业务评审","评审","3工作日","2027-01-11","2027-01-13","106","MDM工作组","MDM工作组","数据质量工作组;各业务工作组","","MDM工作组","","各部门授权审核员;数据质量工作组","中","否","发布材料与培训记录","所有资源均按瓶颈处理，关键评审避免重叠 [E]","MDM工作组;数据质量工作组;各业务工作组","资源名称仅保留主责资源；协作资源、供应商资源建议映射到文本字段，不导入Resource Names",""
"108","3.9.4","主数据标准V1.0发布培训-修订确认","修订","4工作日","2027-01-14","2027-01-19","107","MDM工作组","MDM工作组","数据质量工作组;各业务工作组","","MDM工作组","","各部门授权审核员;数据质量工作组","中","否","发布材料与培训记录","所有资源均按瓶颈处理，关键评审避免重叠 [E]","MDM工作组;数据质量工作组;各业务工作组","资源名称仅保留主责资源；协作资源、供应商资源建议映射到文本字段，不导入Resource Names",""
"109","3.10","数据标准V1.0发布","里程碑","0工作日","2027-01-20","2027-01-20","108","MDM工作组","MDM工作组","","","MDM工作组","","项目决策组","高","是","数据标准V1.0","[M]","MDM工作组","资源名称仅保留主责资源；协作资源、供应商资源建议映射到文本字段，不导入Resource Names",""
"110","4.1","需求范围冻结","需求","8工作日","2026-07-01","2026-07-10","12","MDM工作组","MDM工作组","技术架构组;AI辅助编程环境","MDM自研团队","MDM工作组","自研","信息化项目管理工作室;数据质量工作组","高","否","MDM需求规格说明书","当前核心开发资源为1人，按高风险控制；10月底上线节点不变 [E]","MDM工作组;技术架构组;AI辅助编程环境","资源名称仅保留主责资源；协作资源、供应商资源建议映射到文本字段，不导入Resource Names",""
"111","4.2","原型设计","设计","8工作日","2026-07-13","2026-07-22","110","MDM工作组","MDM工作组","技术架构组;AI辅助编程环境","MDM自研团队","MDM工作组","自研","信息化项目管理工作室;数据质量工作组","高","否","MDM原型","当前核心开发资源为1人，按高风险控制；10月底上线节点不变 [E]","MDM工作组;技术架构组;AI辅助编程环境","资源名称仅保留主责资源；协作资源、供应商资源建议映射到文本字段，不导入Resource Names",""
"112","4.3","技术架构设计","设计","6工作日","2026-07-23","2026-07-30","111","MDM工作组","MDM工作组","技术架构组;AI辅助编程环境","MDM自研团队","MDM工作组","自研","信息化项目管理工作室;数据质量工作组","高","否","技术架构方案","当前核心开发资源为1人，按高风险控制；10月底上线节点不变 [E]","MDM工作组;技术架构组;AI辅助编程环境","资源名称仅保留主责资源；协作资源、供应商资源建议映射到文本字段，不导入Resource Names",""
"113","4.4","数据库与主数据模型设计","设计","8工作日","2026-07-31","2026-08-11","112","MDM工作组","MDM工作组","技术架构组;AI辅助编程环境","MDM自研团队","MDM工作组","自研","信息化项目管理工作室;数据质量工作组","高","否","主数据模型、元数据模型","当前核心开发资源为1人，按高风险控制；10月底上线节点不变 [E]","MDM工作组;技术架构组;AI辅助编程环境","资源名称仅保留主责资源；协作资源、供应商资源建议映射到文本字段，不导入Resource Names",""
"114","4.5","审批流与权限模型设计","设计","6工作日","2026-08-12","2026-08-19","113","MDM工作组","MDM工作组","技术架构组;AI辅助编程环境","MDM自研团队","MDM工作组","自研","信息化项目管理工作室;数据质量工作组","高","否","审批流、角色权限模型","当前核心开发资源为1人，按高风险控制；10月底上线节点不变 [E]","MDM工作组;技术架构组;AI辅助编程环境","资源名称仅保留主责资源；协作资源、供应商资源建议映射到文本字段，不导入Resource Names",""
"115","4.6","版本管理与分发机制设计","设计","6工作日","2026-08-20","2026-08-27","114","MDM工作组","MDM工作组","技术架构组;AI辅助编程环境","MDM自研团队","MDM工作组","自研","信息化项目管理工作室;数据质量工作组","高","否","版本与分发设计","当前核心开发资源为1人，按高风险控制；10月底上线节点不变 [E]","MDM工作组;技术架构组;AI辅助编程环境","资源名称仅保留主责资源；协作资源、供应商资源建议映射到文本字段，不导入Resource Names",""
"116","4.7","质量校验规则设计","设计","6工作日","2026-08-28","2026-09-04","115","MDM工作组","MDM工作组","技术架构组;AI辅助编程环境","MDM自研团队","MDM工作组","自研","信息化项目管理工作室;数据质量工作组","高","否","质量规则库","当前核心开发资源为1人，按高风险控制；10月底上线节点不变 [E]","MDM工作组;技术架构组;AI辅助编程环境","资源名称仅保留主责资源；协作资源、供应商资源建议映射到文本字段，不导入Resource Names",""
"117","4.8","数据看板指标设计","设计","5工作日","2026-09-07","2026-09-11","116","MDM工作组","MDM工作组","技术架构组;AI辅助编程环境","MDM自研团队","MDM工作组","自研","信息化项目管理工作室;数据质量工作组","高","否","看板指标口径","当前核心开发资源为1人，按高风险控制；10月底上线节点不变 [E]","MDM工作组;技术架构组;AI辅助编程环境","资源名称仅保留主责资源；协作资源、供应商资源建议映射到文本字段，不导入Resource Names",""
"118","4.9","开发环境与代码仓库搭建","开发准备","4工作日","2026-09-14","2026-09-17","117","MDM工作组","MDM工作组","技术架构组;AI辅助编程环境","MDM自研团队","MDM工作组","自研","信息化项目管理工作室;数据质量工作组","高","否","开发环境、Git仓库","当前核心开发资源为1人，按高风险控制；10月底上线节点不变 [E]","MDM工作组;技术架构组;AI辅助编程环境","资源名称仅保留主责资源；协作资源、供应商资源建议映射到文本字段，不导入Resource Names",""
"119","4.10","核心台账模块开发","开发","12工作日","2026-09-18","2026-10-05","118","MDM工作组","MDM工作组","技术架构组;AI辅助编程环境","MDM自研团队","MDM工作组","自研","信息化项目管理工作室;数据质量工作组","高","否","主数据台账","当前核心开发资源为1人，按高风险控制；10月底上线节点不变 [M]","MDM工作组;技术架构组;AI辅助编程环境","资源名称仅保留主责资源；协作资源、供应商资源建议映射到文本字段，不导入Resource Names",""
"120","4.11","审批流模块开发","开发","10工作日","2026-10-06","2026-10-19","119","MDM工作组","MDM工作组","技术架构组;AI辅助编程环境","MDM自研团队","MDM工作组","自研","信息化项目管理工作室;数据质量工作组","高","否","审批流","当前核心开发资源为1人，按高风险控制；10月底上线节点不变 [M]","MDM工作组;技术架构组;AI辅助编程环境","资源名称仅保留主责资源；协作资源、供应商资源建议映射到文本字段，不导入Resource Names",""
"121","4.12","版本管理模块开发","开发","8工作日","2026-10-20","2026-10-29","120","MDM工作组","MDM工作组","技术架构组;AI辅助编程环境","MDM自研团队","MDM工作组","自研","信息化项目管理工作室;数据质量工作组","高","否","版本管理","当前核心开发资源为1人，按高风险控制；10月底上线节点不变 [E]","MDM工作组;技术架构组;AI辅助编程环境","资源名称仅保留主责资源；协作资源、供应商资源建议映射到文本字段，不导入Resource Names",""
"122","4.13","数据分发接口开发","开发","10工作日","2026-10-30","2026-11-12","121","MDM工作组","MDM工作组","技术架构组;AI辅助编程环境","MDM自研团队","MDM工作组","自研","信息化项目管理工作室;数据质量工作组","高","否","分发接口","当前核心开发资源为1人，按高风险控制；10月底上线节点不变 [M]","MDM工作组;技术架构组;AI辅助编程环境","资源名称仅保留主责资源；协作资源、供应商资源建议映射到文本字段，不导入Resource Names",""
"123","4.14","质量校验模块开发","开发","10工作日","2026-11-13","2026-11-26","122","MDM工作组","MDM工作组","技术架构组;AI辅助编程环境","MDM自研团队","MDM工作组","自研","信息化项目管理工作室;数据质量工作组","高","否","质量校验","当前核心开发资源为1人，按高风险控制；10月底上线节点不变 [M]","MDM工作组;技术架构组;AI辅助编程环境","资源名称仅保留主责资源；协作资源、供应商资源建议映射到文本字段，不导入Resource Names",""
"124","4.15","数据质量看板开发","开发","8工作日","2026-11-27","2026-12-08","123","MDM工作组","MDM工作组","技术架构组;AI辅助编程环境","MDM自研团队","MDM工作组","自研","信息化项目管理工作室;数据质量工作组","高","否","质量看板","当前核心开发资源为1人，按高风险控制；10月底上线节点不变 [M]","MDM工作组;技术架构组;AI辅助编程环境","资源名称仅保留主责资源；协作资源、供应商资源建议映射到文本字段，不导入Resource Names",""
"125","4.16","数据纠正通知机制开发","开发","6工作日","2026-12-09","2026-12-16","124","MDM工作组","MDM工作组","技术架构组;AI辅助编程环境","MDM自研团队","MDM工作组","自研","信息化项目管理工作室;数据质量工作组","高","否","纠正通知","当前核心开发资源为1人，按高风险控制；10月底上线节点不变 [M]","MDM工作组;技术架构组;AI辅助编程环境","资源名称仅保留主责资源；协作资源、供应商资源建议映射到文本字段，不导入Resource Names",""
"126","4.17","AI辅助编程规范制定","管理","4工作日","2026-12-17","2026-12-22","125","MDM工作组","MDM工作组","技术架构组;AI辅助编程环境","MDM自研团队","MDM工作组","自研","信息化项目管理工作室;数据质量工作组","高","否","AI编程规范","当前核心开发资源为1人，按高风险控制；10月底上线节点不变 [E]","MDM工作组;技术架构组;AI辅助编程环境","资源名称仅保留主责资源；协作资源、供应商资源建议映射到文本字段，不导入Resource Names",""
"127","4.18","单元测试与缺陷修复","测试","8工作日","2026-12-23","2027-01-01","126","MDM工作组","MDM工作组","技术架构组;AI辅助编程环境","MDM自研团队","MDM工作组","自研","信息化项目管理工作室;数据质量工作组","高","否","测试记录","当前核心开发资源为1人，按高风险控制；10月底上线节点不变 [M]","MDM工作组;技术架构组;AI辅助编程环境","资源名称仅保留主责资源；协作资源、供应商资源建议映射到文本字段，不导入Resource Names",""
"128","4.19","集成测试","测试","8工作日","2027-01-04","2027-01-13","127","MDM工作组","MDM工作组","技术架构组;AI辅助编程环境","MDM自研团队","MDM工作组","自研","信息化项目管理工作室;数据质量工作组","高","否","集成测试报告","当前核心开发资源为1人，按高风险控制；10月底上线节点不变 [M]","MDM工作组;技术架构组;AI辅助编程环境","资源名称仅保留主责资源；协作资源、供应商资源建议映射到文本字段，不导入Resource Names",""
"129","4.20","用户培训与操作手册编制","培训","5工作日","2027-01-14","2027-01-20","128","MDM工作组","MDM工作组","技术架构组;AI辅助编程环境","MDM自研团队","MDM工作组","自研","信息化项目管理工作室;数据质量工作组","高","否","操作手册、培训材料","当前核心开发资源为1人，按高风险控制；10月底上线节点不变 [E]","MDM工作组;技术架构组;AI辅助编程环境","资源名称仅保留主责资源；协作资源、供应商资源建议映射到文本字段，不导入Resource Names",""
"130","4.21","试运行准备","上线","3工作日","2027-01-21","2027-01-25","129","MDM工作组","MDM工作组","技术架构组;AI辅助编程环境","MDM自研团队","MDM工作组","自研","信息化项目管理工作室;数据质量工作组","高","否","试运行方案","当前核心开发资源为1人，按高风险控制；10月底上线节点不变 [E]","MDM工作组;技术架构组;AI辅助编程环境","资源名称仅保留主责资源；协作资源、供应商资源建议映射到文本字段，不导入Resource Names",""
"131","4.22","MDM平台一期上线","里程碑","0工作日","2027-01-26","2027-01-26","130","MDM工作组","MDM工作组","技术架构组;AI辅助编程环境","MDM自研团队","MDM工作组","自研","项目决策组","高","是","上线确认单","当前核心开发资源为1人，按高风险控制；10月底上线节点不变 [M]","MDM工作组;技术架构组;AI辅助编程环境","资源名称仅保留主责资源；协作资源、供应商资源建议映射到文本字段，不导入Resource Names",""
"132","4.23","MDM一期上线试运行报告","验收","5工作日","2027-01-27","2027-01-31","131","MDM工作组","MDM工作组","技术架构组;AI辅助编程环境","MDM自研团队","MDM工作组","自研","信息化项目管理工作室;数据质量工作组","高","否","试运行报告","当前核心开发资源为1人，按高风险控制；10月底上线节点不变 [E]","MDM工作组;技术架构组;AI辅助编程环境","资源名称仅保留主责资源；协作资源、供应商资源建议映射到文本字段，不导入Resource Names",""
"133","4.24","MDM一期验收","里程碑","0工作日","2027-02-01","2027-02-01","132","MDM工作组","MDM工作组","技术架构组;AI辅助编程环境","MDM自研团队","MDM工作组","自研","项目决策组","高","是","MDM一期验收报告","当前核心开发资源为1人，按高风险控制；10月底上线节点不变 [M]","MDM工作组;技术架构组;AI辅助编程环境","资源名称仅保留主责资源；协作资源、供应商资源建议映射到文本字段，不导入Resource Names",""
"134","5.1.1","服务器与虚拟化平台-到货验收","验收","3工作日","2026-08-17","2026-08-19","12","基础设施工作组","基础设施工作组","网络工程组;技术架构组","基础设施供应商","基础设施工作组","基础设施供应商","网络工程副主任;技术架构副主任","中","否","服务器与虚拟化平台到货验收","基础设施应早于MES测试环境搭建 [E]","网络工程组;技术架构组;基础设施供应商","资源名称仅保留主责资源；协作资源、供应商资源建议映射到文本字段，不导入Resource Names",""
"135","5.1.2","服务器与虚拟化平台-虚拟化部署","部署","7工作日","2026-08-20","2026-08-28","134","基础设施工作组","基础设施工作组","网络工程组;技术架构组","基础设施供应商","基础设施工作组","基础设施供应商","网络工程副主任;技术架构副主任","中","否","服务器与虚拟化平台虚拟化部署","基础设施应早于MES测试环境搭建 [E]","网络工程组;技术架构组;基础设施供应商","资源名称仅保留主责资源；协作资源、供应商资源建议映射到文本字段，不导入Resource Names",""
"136","5.1.3","服务器与虚拟化平台-资源池配置","部署","7工作日","2026-08-31","2026-09-08","135","基础设施工作组","基础设施工作组","网络工程组;技术架构组","基础设施供应商","基础设施工作组","基础设施供应商","网络工程副主任;技术架构副主任","中","否","服务器与虚拟化平台资源池配置","基础设施应早于MES测试环境搭建 [E]","网络工程组;技术架构组;基础设施供应商","资源名称仅保留主责资源；协作资源、供应商资源建议映射到文本字段，不导入Resource Names",""
"137","5.1.4","服务器与虚拟化平台-高可用测试","测试","7工作日","2026-09-09","2026-09-17","136","基础设施工作组","基础设施工作组","网络工程组;技术架构组","基础设施供应商","基础设施工作组","基础设施供应商","网络工程副主任;技术架构副主任","中","否","服务器与虚拟化平台高可用测试","基础设施应早于MES测试环境搭建 [M]","网络工程组;技术架构组;基础设施供应商","资源名称仅保留主责资源；协作资源、供应商资源建议映射到文本字段，不导入Resource Names",""
"138","5.1.5","服务器与虚拟化平台-验收","验收","3工作日","2026-09-18","2026-09-22","137","基础设施工作组","基础设施工作组","网络工程组;技术架构组","基础设施供应商","基础设施工作组","基础设施供应商","网络工程副主任;技术架构副主任","中","否","服务器与虚拟化平台验收","基础设施应早于MES测试环境搭建 [E]","网络工程组;技术架构组;基础设施供应商","资源名称仅保留主责资源；协作资源、供应商资源建议映射到文本字段，不导入Resource Names",""
"139","5.2.1","存储与备份-存储部署","部署","7工作日","2026-09-01","2026-09-09","12","基础设施工作组","基础设施工作组","网络工程组;技术架构组","基础设施供应商","基础设施工作组","基础设施供应商","网络工程副主任;技术架构副主任","中","否","存储与备份存储部署","基础设施应早于MES测试环境搭建 [E]","网络工程组;技术架构组;基础设施供应商","资源名称仅保留主责资源；协作资源、供应商资源建议映射到文本字段，不导入Resource Names",""
"140","5.2.2","存储与备份-备份方案配置","部署","7工作日","2026-09-10","2026-09-18","139","基础设施工作组","基础设施工作组","网络工程组;技术架构组","基础设施供应商","基础设施工作组","基础设施供应商","网络工程副主任;技术架构副主任","中","否","存储与备份备份方案配置","基础设施应早于MES测试环境搭建 [E]","网络工程组;技术架构组;基础设施供应商","资源名称仅保留主责资源；协作资源、供应商资源建议映射到文本字段，不导入Resource Names",""
"141","5.2.3","存储与备份-备份策略测试","测试","7工作日","2026-09-21","2026-09-29","140","基础设施工作组","基础设施工作组","网络工程组;技术架构组","基础设施供应商","基础设施工作组","基础设施供应商","网络工程副主任;技术架构副主任","中","否","存储与备份备份策略测试","基础设施应早于MES测试环境搭建 [E]","网络工程组;技术架构组;基础设施供应商","资源名称仅保留主责资源；协作资源、供应商资源建议映射到文本字段，不导入Resource Names",""
"142","5.2.4","存储与备份-恢复演练","测试","7工作日","2026-09-30","2026-10-08","141","基础设施工作组","基础设施工作组","网络工程组;技术架构组","基础设施供应商","基础设施工作组","基础设施供应商","网络工程副主任;技术架构副主任","中","否","存储与备份恢复演练","基础设施应早于MES测试环境搭建 [E]","网络工程组;技术架构组;基础设施供应商","资源名称仅保留主责资源；协作资源、供应商资源建议映射到文本字段，不导入Resource Names",""
"143","5.2.5","存储与备份-验收","验收","3工作日","2026-10-09","2026-10-13","142","基础设施工作组","基础设施工作组","网络工程组;技术架构组","基础设施供应商","基础设施工作组","基础设施供应商","网络工程副主任;技术架构副主任","中","否","存储与备份验收","基础设施应早于MES测试环境搭建 [E]","网络工程组;技术架构组;基础设施供应商","资源名称仅保留主责资源；协作资源、供应商资源建议映射到文本字段，不导入Resource Names",""
"144","5.3.1","网络与安全-网络规划","设计","7工作日","2026-08-24","2026-09-01","12","基础设施工作组","基础设施工作组","网络工程组;技术架构组","基础设施供应商","基础设施工作组","基础设施供应商","网络工程副主任;技术架构副主任","中","否","网络与安全网络规划","基础设施应早于MES测试环境搭建 [E]","网络工程组;技术架构组;基础设施供应商","资源名称仅保留主责资源；协作资源、供应商资源建议映射到文本字段，不导入Resource Names",""
"145","5.3.2","网络与安全-安全策略配置","部署","7工作日","2026-09-02","2026-09-10","144","基础设施工作组","基础设施工作组","网络工程组;技术架构组","基础设施供应商","基础设施工作组","基础设施供应商","网络工程副主任;技术架构副主任","中","否","网络与安全安全策略配置","基础设施应早于MES测试环境搭建 [E]","网络工程组;技术架构组;基础设施供应商","资源名称仅保留主责资源；协作资源、供应商资源建议映射到文本字段，不导入Resource Names",""
"146","5.3.3","网络与安全-账号权限基线","设计","7工作日","2026-09-11","2026-09-21","145","基础设施工作组","基础设施工作组","网络工程组;技术架构组","基础设施供应商","基础设施工作组","基础设施供应商","网络工程副主任;技术架构副主任","中","否","网络与安全账号权限基线","基础设施应早于MES测试环境搭建 [E]","网络工程组;技术架构组;基础设施供应商","资源名称仅保留主责资源；协作资源、供应商资源建议映射到文本字段，不导入Resource Names",""
"147","5.3.4","网络与安全-日志审计配置","部署","7工作日","2026-09-22","2026-09-30","146","基础设施工作组","基础设施工作组","网络工程组;技术架构组","基础设施供应商","基础设施工作组","基础设施供应商","网络工程副主任;技术架构副主任","中","否","网络与安全日志审计配置","基础设施应早于MES测试环境搭建 [E]","网络工程组;技术架构组;基础设施供应商","资源名称仅保留主责资源；协作资源、供应商资源建议映射到文本字段，不导入Resource Names",""
"148","5.3.5","网络与安全-验收","验收","3工作日","2026-10-01","2026-10-05","147","基础设施工作组","基础设施工作组","网络工程组;技术架构组","基础设施供应商","基础设施工作组","基础设施供应商","网络工程副主任;技术架构副主任","中","否","网络与安全验收","基础设施应早于MES测试环境搭建 [E]","网络工程组;技术架构组;基础设施供应商","资源名称仅保留主责资源；协作资源、供应商资源建议映射到文本字段，不导入Resource Names",""
"149","5.4.1","数据库与中间件-数据库部署","部署","7工作日","2026-09-15","2026-09-23","12","基础设施工作组","基础设施工作组","网络工程组;技术架构组","基础设施供应商","基础设施工作组","基础设施供应商","网络工程副主任;技术架构副主任","中","否","数据库与中间件数据库部署","基础设施应早于MES测试环境搭建 [E]","网络工程组;技术架构组;基础设施供应商","资源名称仅保留主责资源；协作资源、供应商资源建议映射到文本字段，不导入Resource Names",""
"150","5.4.2","数据库与中间件-中间件部署","部署","7工作日","2026-09-24","2026-10-02","149","基础设施工作组","基础设施工作组","网络工程组;技术架构组","基础设施供应商","基础设施工作组","基础设施供应商","网络工程副主任;技术架构副主任","中","否","数据库与中间件中间件部署","基础设施应早于MES测试环境搭建 [E]","网络工程组;技术架构组;基础设施供应商","资源名称仅保留主责资源；协作资源、供应商资源建议映射到文本字段，不导入Resource Names",""
"151","5.4.3","数据库与中间件-测试环境搭建","部署","7工作日","2026-10-05","2026-10-13","150","基础设施工作组","基础设施工作组","网络工程组;技术架构组","基础设施供应商","基础设施工作组","基础设施供应商","网络工程副主任;技术架构副主任","中","否","数据库与中间件测试环境搭建","基础设施应早于MES测试环境搭建 [E]","网络工程组;技术架构组;基础设施供应商","资源名称仅保留主责资源；协作资源、供应商资源建议映射到文本字段，不导入Resource Names",""
"152","5.4.4","数据库与中间件-预生产环境搭建","部署","7工作日","2026-10-14","2026-10-22","151","基础设施工作组","基础设施工作组","网络工程组;技术架构组","基础设施供应商","基础设施工作组","基础设施供应商","网络工程副主任;技术架构副主任","高","否","数据库与中间件预生产环境搭建","基础设施应早于MES测试环境搭建 [E]","网络工程组;技术架构组;基础设施供应商","资源名称仅保留主责资源；协作资源、供应商资源建议映射到文本字段，不导入Resource Names",""
"153","5.4.5","数据库与中间件-生产环境搭建","部署","7工作日","2026-10-23","2026-11-02","152","基础设施工作组","基础设施工作组","网络工程组;技术架构组","基础设施供应商","基础设施工作组","基础设施供应商","网络工程副主任;技术架构副主任","高","否","数据库与中间件生产环境搭建","基础设施应早于MES测试环境搭建 [E]","网络工程组;技术架构组;基础设施供应商","资源名称仅保留主责资源；协作资源、供应商资源建议映射到文本字段，不导入Resource Names",""
"154","5.5.1","AI服务器与本地模型-硬件到货验收","验收","3工作日","2026-09-15","2026-09-17","12","基础设施工作组","基础设施工作组","网络工程组;技术架构组","基础设施供应商;AI服务器供应商","基础设施工作组","基础设施供应商;AI服务器供应商","网络工程副主任;技术架构副主任","高","否","AI服务器与本地模型硬件到货验收","基础设施应早于MES测试环境搭建 [M]","网络工程组;技术架构组;基础设施供应商","资源名称仅保留主责资源；协作资源、供应商资源建议映射到文本字段，不导入Resource Names",""
"155","5.5.2","AI服务器与本地模型-模型服务部署","部署","7工作日","2026-09-18","2026-09-28","154","基础设施工作组","基础设施工作组","网络工程组;技术架构组","基础设施供应商;AI服务器供应商","基础设施工作组","基础设施供应商;AI服务器供应商","网络工程副主任;技术架构副主任","高","否","AI服务器与本地模型模型服务部署","基础设施应早于MES测试环境搭建 [E]","网络工程组;技术架构组;基础设施供应商","资源名称仅保留主责资源；协作资源、供应商资源建议映射到文本字段，不导入Resource Names",""
"156","5.5.3","AI服务器与本地模型-代码助手接入","部署","7工作日","2026-09-29","2026-10-07","155","基础设施工作组","基础设施工作组","网络工程组;技术架构组","基础设施供应商;AI服务器供应商","基础设施工作组","基础设施供应商;AI服务器供应商","网络工程副主任;技术架构副主任","高","否","AI服务器与本地模型代码助手接入","基础设施应早于MES测试环境搭建 [E]","网络工程组;技术架构组;基础设施供应商","资源名称仅保留主责资源；协作资源、供应商资源建议映射到文本字段，不导入Resource Names",""
"157","5.5.4","AI服务器与本地模型-知识库原型","设计","7工作日","2026-10-08","2026-10-16","156","基础设施工作组","基础设施工作组","网络工程组;技术架构组","基础设施供应商;AI服务器供应商","基础设施工作组","基础设施供应商;AI服务器供应商","网络工程副主任;技术架构副主任","高","否","AI服务器与本地模型知识库原型","基础设施应早于MES测试环境搭建 [M]","网络工程组;技术架构组;基础设施供应商","资源名称仅保留主责资源；协作资源、供应商资源建议映射到文本字段，不导入Resource Names",""
"158","5.5.5","AI服务器与本地模型-MDM辅助开发试点","测试","7工作日","2026-10-19","2026-10-27","157","基础设施工作组","基础设施工作组","网络工程组;技术架构组","基础设施供应商;AI服务器供应商","基础设施工作组","基础设施供应商;AI服务器供应商","网络工程副主任;技术架构副主任","高","否","AI服务器与本地模型MDM辅助开发试点","基础设施应早于MES测试环境搭建 [M]","网络工程组;技术架构组;基础设施供应商","资源名称仅保留主责资源；协作资源、供应商资源建议映射到文本字段，不导入Resource Names",""
"159","5.5.6","AI服务器与本地模型-试点效果报告","测试","3工作日","2026-10-28","2026-10-30","158","基础设施工作组","基础设施工作组","网络工程组;技术架构组","基础设施供应商;AI服务器供应商","基础设施工作组","基础设施供应商;AI服务器供应商","网络工程副主任;技术架构副主任","高","否","AI服务器与本地模型试点效果报告","基础设施应早于MES测试环境搭建 [M]","网络工程组;技术架构组;基础设施供应商","资源名称仅保留主责资源；协作资源、供应商资源建议映射到文本字段，不导入Resource Names",""
"160","5.6.1","虚拟桌面/瘦终端平台-平台部署","部署","7工作日","2026-10-12","2026-10-20","12","基础设施工作组","基础设施工作组","网络工程组;技术架构组","基础设施供应商","基础设施工作组","基础设施供应商","网络工程副主任;技术架构副主任","中","否","虚拟桌面/瘦终端平台平台部署","基础设施应早于MES测试环境搭建 [E]","网络工程组;技术架构组;基础设施供应商","资源名称仅保留主责资源；协作资源、供应商资源建议映射到文本字段，不导入Resource Names",""
"161","5.6.2","虚拟桌面/瘦终端平台-镜像模板","设计","7工作日","2026-10-21","2026-10-29","160","基础设施工作组","基础设施工作组","网络工程组;技术架构组","基础设施供应商","基础设施工作组","基础设施供应商","网络工程副主任;技术架构副主任","中","否","虚拟桌面/瘦终端平台镜像模板","基础设施应早于MES测试环境搭建 [M]","网络工程组;技术架构组;基础设施供应商","资源名称仅保留主责资源；协作资源、供应商资源建议映射到文本字段，不导入Resource Names",""
"162","5.6.3","虚拟桌面/瘦终端平台-账号权限","设计","7工作日","2026-10-30","2026-11-09","161","基础设施工作组","基础设施工作组","网络工程组;技术架构组","基础设施供应商","基础设施工作组","基础设施供应商","网络工程副主任;技术架构副主任","中","否","虚拟桌面/瘦终端平台账号权限","基础设施应早于MES测试环境搭建 [E]","网络工程组;技术架构组;基础设施供应商","资源名称仅保留主责资源；协作资源、供应商资源建议映射到文本字段，不导入Resource Names",""
"163","5.6.4","虚拟桌面/瘦终端平台-试点接入","部署","7工作日","2026-11-10","2026-11-18","162","基础设施工作组","基础设施工作组","网络工程组;技术架构组","基础设施供应商","基础设施工作组","基础设施供应商","网络工程副主任;技术架构副主任","中","否","虚拟桌面/瘦终端平台试点接入","基础设施应早于MES测试环境搭建 [E]","网络工程组;技术架构组;基础设施供应商","资源名称仅保留主责资源；协作资源、供应商资源建议映射到文本字段，不导入Resource Names",""
"164","5.6.5","虚拟桌面/瘦终端平台-验收","验收","3工作日","2026-11-19","2026-11-23","163","基础设施工作组","基础设施工作组","网络工程组;技术架构组","基础设施供应商","基础设施工作组","基础设施供应商","网络工程副主任;技术架构副主任","中","否","虚拟桌面/瘦终端平台验收","基础设施应早于MES测试环境搭建 [E]","网络工程组;技术架构组;基础设施供应商","资源名称仅保留主责资源；协作资源、供应商资源建议映射到文本字段，不导入Resource Names",""
"165","5.7.1","运维监控与日志审计-监控指标设计","设计","7工作日","2026-11-02","2026-11-10","12","基础设施工作组","基础设施工作组","网络工程组;技术架构组","基础设施供应商","基础设施工作组","基础设施供应商","网络工程副主任;技术架构副主任","中","否","运维监控与日志审计监控指标设计","基础设施应早于MES测试环境搭建 [E]","网络工程组;技术架构组;基础设施供应商","资源名称仅保留主责资源；协作资源、供应商资源建议映射到文本字段，不导入Resource Names",""
"166","5.7.2","运维监控与日志审计-监控平台配置","部署","7工作日","2026-11-11","2026-11-19","165","基础设施工作组","基础设施工作组","网络工程组;技术架构组","基础设施供应商","基础设施工作组","基础设施供应商","网络工程副主任;技术架构副主任","中","否","运维监控与日志审计监控平台配置","基础设施应早于MES测试环境搭建 [E]","网络工程组;技术架构组;基础设施供应商","资源名称仅保留主责资源；协作资源、供应商资源建议映射到文本字段，不导入Resource Names",""
"167","5.7.3","运维监控与日志审计-日志审计联调","设计","7工作日","2026-11-20","2026-11-30","166","基础设施工作组","基础设施工作组","网络工程组;技术架构组","基础设施供应商","基础设施工作组","基础设施供应商","网络工程副主任;技术架构副主任","中","否","运维监控与日志审计日志审计联调","基础设施应早于MES测试环境搭建 [M]","网络工程组;技术架构组;基础设施供应商","资源名称仅保留主责资源；协作资源、供应商资源建议映射到文本字段，不导入Resource Names",""
"168","5.7.4","运维监控与日志审计-告警演练","测试","7工作日","2026-12-01","2026-12-09","167","基础设施工作组","基础设施工作组","网络工程组;技术架构组","基础设施供应商","基础设施工作组","基础设施供应商","网络工程副主任;技术架构副主任","中","否","运维监控与日志审计告警演练","基础设施应早于MES测试环境搭建 [M]","网络工程组;技术架构组;基础设施供应商","资源名称仅保留主责资源；协作资源、供应商资源建议映射到文本字段，不导入Resource Names",""
"169","5.7.5","运维监控与日志审计-运维移交","设计","7工作日","2026-12-10","2026-12-18","168","基础设施工作组","基础设施工作组","网络工程组;技术架构组","基础设施供应商","基础设施工作组","基础设施供应商","网络工程副主任;技术架构副主任","中","否","运维监控与日志审计运维移交","基础设施应早于MES测试环境搭建 [E]","网络工程组;技术架构组;基础设施供应商","资源名称仅保留主责资源；协作资源、供应商资源建议映射到文本字段，不导入Resource Names",""
"170","5.8","基础设施生产环境就绪","里程碑","0工作日","2027-01-20","2027-01-20","138,143,148,153,159,164,169","基础设施工作组","基础设施工作组","网络工程组;技术架构组","基础设施供应商","基础设施工作组","基础设施供应商","项目决策组","高","是","生产环境就绪确认单","[M]","网络工程组;技术架构组","资源名称仅保留主责资源；协作资源、供应商资源建议映射到文本字段，不导入Resource Names",""
"171","6.1","PLM内部调研与问题清单","调研","10工作日","2026-08-03","2026-08-14","12","PLM工作组","PLM工作组","工程技术部","","PLM工作组","","PLM工作组组长;信息化项目管理工作室","中","否","PLM问题清单","供应商未定前只做内部调研和方案 [E]","PLM工作组;工程技术部","资源名称仅保留主责资源；协作资源、供应商资源建议映射到文本字段，不导入Resource Names",""
"172","6.2","图文档管理规范草案","设计","8工作日","2026-08-17","2026-08-26","171","PLM工作组","PLM工作组","工程技术部","","PLM工作组","","PLM工作组组长;信息化项目管理工作室","中","否","图文档管理规范","供应商未定前只做内部调研和方案 [E]","PLM工作组;工程技术部","资源名称仅保留主责资源；协作资源、供应商资源建议映射到文本字段，不导入Resource Names",""
"173","6.3","EBOM规范草案","设计","8工作日","2026-08-27","2026-09-07","172","PLM工作组","PLM工作组","工程技术部","","PLM工作组","","PLM工作组组长;信息化项目管理工作室","中","否","EBOM规范","供应商未定前只做内部调研和方案 [E]","PLM工作组;工程技术部","资源名称仅保留主责资源；协作资源、供应商资源建议映射到文本字段，不导入Resource Names",""
"174","6.4","EBOM到MBOM转换规则草案","设计","10工作日","2026-09-08","2026-09-21","173","PLM工作组","PLM工作组","工程技术部","","PLM工作组","","PLM工作组组长;信息化项目管理工作室","高","否","转换规则草案","供应商未定前只做内部调研和方案 [M]","PLM工作组;工程技术部","资源名称仅保留主责资源；协作资源、供应商资源建议映射到文本字段，不导入Resource Names",""
"175","6.5","工艺文件结构化模板草案","设计","10工作日","2026-09-22","2026-10-05","174","PLM工作组","PLM工作组","工程技术部","","PLM工作组","","PLM工作组组长;信息化项目管理工作室","中","否","结构化模板","供应商未定前只做内部调研和方案 [E]","PLM工作组;工程技术部","资源名称仅保留主责资源；协作资源、供应商资源建议映射到文本字段，不导入Resource Names",""
"176","6.6","ECN/ECO流程方案草案","设计","8工作日","2026-10-06","2026-10-15","175","PLM工作组","PLM工作组","工程技术部","","PLM工作组","","PLM工作组组长;信息化项目管理工作室","中","否","ECN/ECO方案","供应商未定前只做内部调研和方案 [E]","PLM工作组;工程技术部","资源名称仅保留主责资源；协作资源、供应商资源建议映射到文本字段，不导入Resource Names",""
"177","6.7","PLM-MDM集成方案草案","设计","6工作日","2026-10-16","2026-10-23","176","PLM工作组","PLM工作组","工程技术部","","PLM工作组","","PLM工作组组长;信息化项目管理工作室","中","否","集成方案","供应商未定前只做内部调研和方案 [E]","PLM工作组;工程技术部","资源名称仅保留主责资源；协作资源、供应商资源建议映射到文本字段，不导入Resource Names",""
"178","6.8","PLM-MES集成方案草案","设计","6工作日","2026-10-26","2026-11-02","177","PLM工作组","PLM工作组","工程技术部","","PLM工作组","","PLM工作组组长;信息化项目管理工作室","中","否","集成方案","供应商未定前只做内部调研和方案 [E]","PLM工作组;工程技术部","资源名称仅保留主责资源；协作资源、供应商资源建议映射到文本字段，不导入Resource Names",""
"179","6.9","供应商复核与深化蓝图","设计","10工作日","2026-12-01","2026-12-14","178","PLM工作组","PLM工作组","","PLM供应商","PLM工作组","PLM供应商","PLM工作组组长","高","否","PLM深化蓝图","最好全有，以实际开发和集成进度为准 [M]","PLM工作组;PLM供应商","资源名称仅保留主责资源；协作资源、供应商资源建议映射到文本字段，不导入Resource Names",""
"180","6.10","PLM配置/开发方案确认","设计","8工作日","2026-12-15","2026-12-24","179","PLM工作组","PLM工作组","","PLM供应商","PLM工作组","PLM供应商","PLM工作组组长","高","否","配置开发方案","最好全有，以实际开发和集成进度为准 [E]","PLM工作组;PLM供应商","资源名称仅保留主责资源；协作资源、供应商资源建议映射到文本字段，不导入Resource Names",""
"181","6.11","图文档模块配置/开发","开发","12工作日","2026-12-25","2027-01-11","180","PLM工作组","PLM工作组","","PLM供应商","PLM工作组","PLM供应商","PLM工作组组长","高","否","模块配置","最好全有，以实际开发和集成进度为准 [E]","PLM工作组;PLM供应商","资源名称仅保留主责资源；协作资源、供应商资源建议映射到文本字段，不导入Resource Names",""
"182","6.12","EBOM规范化配置/开发","开发","12工作日","2027-01-12","2027-01-27","181","PLM工作组","PLM工作组","","PLM供应商","PLM工作组","PLM供应商","PLM工作组组长","高","否","模块配置","最好全有，以实际开发和集成进度为准 [M]","PLM工作组;PLM供应商","资源名称仅保留主责资源；协作资源、供应商资源建议映射到文本字段，不导入Resource Names",""
"183","6.13","工艺结构化配置/开发","开发","15工作日","2027-01-28","2027-02-17","182","PLM工作组","PLM工作组","","PLM供应商","PLM工作组","PLM供应商","PLM工作组组长","高","否","模块配置","最好全有，以实际开发和集成进度为准 [M]","PLM工作组;PLM供应商","资源名称仅保留主责资源；协作资源、供应商资源建议映射到文本字段，不导入Resource Names",""
"184","6.14","ECN/ECO流程配置/开发","开发","12工作日","2027-02-18","2027-03-05","183","PLM工作组","PLM工作组","","PLM供应商","PLM工作组","PLM供应商","PLM工作组组长","高","否","流程配置","最好全有，以实际开发和集成进度为准 [M]","PLM工作组;PLM供应商","资源名称仅保留主责资源；协作资源、供应商资源建议映射到文本字段，不导入Resource Names",""
"185","6.15","PLM-MDM接口开发联调","开发/联调","10工作日","2027-03-08","2027-03-19","184","PLM工作组","PLM工作组","","PLM供应商","PLM工作组","PLM供应商","PLM工作组组长","高","否","接口联调记录","最好全有，以实际开发和集成进度为准 [M]","PLM工作组;PLM供应商","资源名称仅保留主责资源；协作资源、供应商资源建议映射到文本字段，不导入Resource Names",""
"186","6.16","PLM-MES接口开发联调","开发/联调","10工作日","2027-03-22","2027-04-02","185","PLM工作组","PLM工作组","","PLM供应商","PLM工作组","PLM供应商","PLM工作组组长","高","否","接口联调记录","最好全有，以实际开发和集成进度为准 [M]","PLM工作组;PLM供应商","资源名称仅保留主责资源；协作资源、供应商资源建议映射到文本字段，不导入Resource Names",""
"187","6.17","PLM系统测试","测试","10工作日","2027-04-05","2027-04-16","186","PLM工作组","PLM工作组","","PLM供应商","PLM工作组","PLM供应商","PLM工作组组长","高","否","测试报告","最好全有，以实际开发和集成进度为准 [M]","PLM工作组;PLM供应商","资源名称仅保留主责资源；协作资源、供应商资源建议映射到文本字段，不导入Resource Names",""
"188","6.18","PLM用户培训","培训","5工作日","2027-04-19","2027-04-23","187","PLM工作组","PLM工作组","","PLM供应商","PLM工作组","PLM供应商","PLM工作组组长","高","否","培训记录","最好全有，以实际开发和集成进度为准 [E]","PLM工作组;PLM供应商","资源名称仅保留主责资源；协作资源、供应商资源建议映射到文本字段，不导入Resource Names",""
"189","6.19","PLM基础深化验收准备","验收","5工作日","2027-04-26","2027-04-30","318","PLM工作组","PLM工作组","","PLM供应商","PLM工作组","PLM供应商","工程技术部;项目决策组","高","否","验收材料","最好全有，以实际开发和集成进度为准 [E]","PLM工作组;PLM供应商","资源名称仅保留主责资源；协作资源、供应商资源建议映射到文本字段，不导入Resource Names",""
"190","6.20","PLM基础深化验收","里程碑","0工作日","2027-05-01","2027-05-01","189","PLM工作组","PLM工作组","","PLM供应商","PLM工作组","PLM供应商","工程技术部;项目决策组","高","是","PLM验收报告","最好全有，以实际开发和集成进度为准 [M]","PLM工作组;PLM供应商","资源名称仅保留主责资源；协作资源、供应商资源建议映射到文本字段，不导入Resource Names",""
"191","7.1","ERP/OA现状与差距分析","调研","10工作日","2026-08-03","2026-08-14","12","ERP·OA工作组","ERP·OA工作组","","用友U8;用友U8实施顾问","ERP·OA工作组","用友U8","财务部;信息化项目管理工作室","中","否","差距分析报告","已有用友U8；2026年不只做接口，还做MRP/采购计划/生产计划补强 [E]","ERP·OA工作组;用友U8实施顾问","资源名称仅保留主责资源；协作资源、供应商资源建议映射到文本字段，不导入Resource Names",""
"192","7.2","MRP补强需求规格","需求","10工作日","2026-08-17","2026-08-28","191","ERP·OA工作组","ERP·OA工作组","","用友U8;用友U8实施顾问","ERP·OA工作组","用友U8","财务部;信息化项目管理工作室","高","否","MRP需求规格","已有用友U8；2026年不只做接口，还做MRP/采购计划/生产计划补强 [M]","ERP·OA工作组;用友U8实施顾问","资源名称仅保留主责资源；协作资源、供应商资源建议映射到文本字段，不导入Resource Names",""
"193","7.3","采购计划补强需求规格","需求","8工作日","2026-08-31","2026-09-09","192","ERP·OA工作组","ERP·OA工作组","","用友U8;用友U8实施顾问","ERP·OA工作组","用友U8","财务部;信息化项目管理工作室","中","否","采购计划需求规格","已有用友U8；2026年不只做接口，还做MRP/采购计划/生产计划补强 [E]","ERP·OA工作组;用友U8实施顾问","资源名称仅保留主责资源；协作资源、供应商资源建议映射到文本字段，不导入Resource Names",""
"194","7.4","生产计划补强需求规格","需求","8工作日","2026-09-10","2026-09-21","193","ERP·OA工作组","ERP·OA工作组","","用友U8;用友U8实施顾问","ERP·OA工作组","用友U8","财务部;信息化项目管理工作室","中","否","生产计划需求规格","已有用友U8；2026年不只做接口，还做MRP/采购计划/生产计划补强 [E]","ERP·OA工作组;用友U8实施顾问","资源名称仅保留主责资源；协作资源、供应商资源建议映射到文本字段，不导入Resource Names",""
"195","7.5","OA待办与流程集成需求","需求","6工作日","2026-09-22","2026-09-29","194","ERP·OA工作组","ERP·OA工作组","","用友U8;用友U8实施顾问","ERP·OA工作组","用友U8","财务部;信息化项目管理工作室","中","否","OA集成需求","已有用友U8；2026年不只做接口，还做MRP/采购计划/生产计划补强 [E]","ERP·OA工作组;用友U8实施顾问","资源名称仅保留主责资源；协作资源、供应商资源建议映射到文本字段，不导入Resource Names",""
"196","7.6","ERP-MDM接口方案","设计","8工作日","2026-09-30","2026-10-09","314","ERP·OA工作组","ERP·OA工作组","","用友U8;用友U8实施顾问","ERP·OA工作组","用友U8","财务部;信息化项目管理工作室","中","否","接口方案","已有用友U8；2026年不只做接口，还做MRP/采购计划/生产计划补强 [M]","ERP·OA工作组;用友U8实施顾问","资源名称仅保留主责资源；协作资源、供应商资源建议映射到文本字段，不导入Resource Names",""
"197","7.7","ERP-MES接口方案","设计","8工作日","2026-10-12","2026-10-21","196","ERP·OA工作组","ERP·OA工作组","","用友U8;用友U8实施顾问","ERP·OA工作组","用友U8","财务部;信息化项目管理工作室","中","否","接口方案","已有用友U8；2026年不只做接口，还做MRP/采购计划/生产计划补强 [M]","ERP·OA工作组;用友U8实施顾问","资源名称仅保留主责资源；协作资源、供应商资源建议映射到文本字段，不导入Resource Names",""
"198","7.8","MRP模块配置/开发","开发","20工作日","2026-10-22","2026-11-18","315","ERP·OA工作组","ERP·OA工作组","","用友U8;用友U8实施顾问","ERP·OA工作组","用友U8","财务部;信息化项目管理工作室","高","否","MRP模块","已有用友U8；2026年不只做接口，还做MRP/采购计划/生产计划补强 [M]","ERP·OA工作组;用友U8实施顾问","资源名称仅保留主责资源；协作资源、供应商资源建议映射到文本字段，不导入Resource Names",""
"199","7.9","采购计划模块配置/开发","开发","15工作日","2026-11-19","2026-12-09","198","ERP·OA工作组","ERP·OA工作组","","用友U8;用友U8实施顾问","ERP·OA工作组","用友U8","财务部;信息化项目管理工作室","中","否","采购计划模块","已有用友U8；2026年不只做接口，还做MRP/采购计划/生产计划补强 [M]","ERP·OA工作组;用友U8实施顾问","资源名称仅保留主责资源；协作资源、供应商资源建议映射到文本字段，不导入Resource Names",""
"200","7.10","生产计划模块配置/开发","开发","15工作日","2026-12-10","2026-12-30","199","ERP·OA工作组","ERP·OA工作组","","用友U8;用友U8实施顾问","ERP·OA工作组","用友U8","财务部;信息化项目管理工作室","中","否","生产计划模块","已有用友U8；2026年不只做接口，还做MRP/采购计划/生产计划补强 [M]","ERP·OA工作组;用友U8实施顾问","资源名称仅保留主责资源；协作资源、供应商资源建议映射到文本字段，不导入Resource Names",""
"201","7.11","OA待办接口配置/开发","开发","10工作日","2026-12-31","2027-01-13","200","ERP·OA工作组","ERP·OA工作组","","用友U8;用友U8实施顾问","ERP·OA工作组","用友U8","财务部;信息化项目管理工作室","中","否","OA接口","已有用友U8；2026年不只做接口，还做MRP/采购计划/生产计划补强 [M]","ERP·OA工作组;用友U8实施顾问","资源名称仅保留主责资源；协作资源、供应商资源建议映射到文本字段，不导入Resource Names",""
"202","7.12","ERP/OA单元测试","测试","8工作日","2027-01-14","2027-01-25","201","ERP·OA工作组","ERP·OA工作组","","用友U8;用友U8实施顾问","ERP·OA工作组","用友U8","财务部;信息化项目管理工作室","中","否","测试记录","已有用友U8；2026年不只做接口，还做MRP/采购计划/生产计划补强 [E]","ERP·OA工作组;用友U8实施顾问","资源名称仅保留主责资源；协作资源、供应商资源建议映射到文本字段，不导入Resource Names",""
"203","7.13","ERP-MDM联调","联调","8工作日","2027-01-26","2027-02-04","202","ERP·OA工作组","ERP·OA工作组","","用友U8;用友U8实施顾问","ERP·OA工作组","用友U8","财务部;信息化项目管理工作室","中","否","联调记录","已有用友U8；2026年不只做接口，还做MRP/采购计划/生产计划补强 [E]","ERP·OA工作组;用友U8实施顾问","资源名称仅保留主责资源；协作资源、供应商资源建议映射到文本字段，不导入Resource Names",""
"204","7.14","ERP-MES联调","联调","10工作日","2027-02-05","2027-02-18","203","ERP·OA工作组","ERP·OA工作组","","用友U8;用友U8实施顾问","ERP·OA工作组","用友U8","财务部;信息化项目管理工作室","中","否","联调记录","已有用友U8；2026年不只做接口，还做MRP/采购计划/生产计划补强 [M]","ERP·OA工作组;用友U8实施顾问","资源名称仅保留主责资源；协作资源、供应商资源建议映射到文本字段，不导入Resource Names",""
"205","7.15","ERP/OA用户培训","培训","5工作日","2027-02-19","2027-02-25","316","ERP·OA工作组","ERP·OA工作组","","用友U8;用友U8实施顾问","ERP·OA工作组","用友U8","财务部;信息化项目管理工作室","中","否","培训记录","已有用友U8；2026年不只做接口，还做MRP/采购计划/生产计划补强 [E]","ERP·OA工作组;用友U8实施顾问","资源名称仅保留主责资源；协作资源、供应商资源建议映射到文本字段，不导入Resource Names",""
"206","7.16","ERP/OA补强验收","验收","5工作日","2027-02-26","2027-03-04","205","ERP·OA工作组","ERP·OA工作组","","用友U8;用友U8实施顾问","ERP·OA工作组","用友U8","财务部;信息化项目管理工作室","中","否","验收报告","已有用友U8；2026年不只做接口，还做MRP/采购计划/生产计划补强 [E]","ERP·OA工作组;用友U8实施顾问","资源名称仅保留主责资源；协作资源、供应商资源建议映射到文本字段，不导入Resource Names",""
"207","8.1","MES内部需求清单编制","需求","12工作日","2026-09-01","2026-09-16","12","MES工作组","MES工作组","信息化项目管理工作室","","MES工作组","","MES工作组组长","高","否","MES需求清单","供应商未定期间内部先做初版蓝图，进场后复核 [E]","MES工作组;信息化项目管理工作室","资源名称仅保留主责资源；协作资源、供应商资源建议映射到文本字段，不导入Resource Names",""
"208","8.2","MES内部初版蓝图编制","设计","15工作日","2026-09-17","2026-10-07","207","MES工作组","MES工作组","信息化项目管理工作室","","MES工作组","","MES工作组组长","高","否","MES初版蓝图","供应商未定期间内部先做初版蓝图，进场后复核 [M]","MES工作组;信息化项目管理工作室","资源名称仅保留主责资源；协作资源、供应商资源建议映射到文本字段，不导入Resource Names",""
"209","8.3","MES蓝图内部评审","评审","3工作日","2026-10-08","2026-10-12","208","MES工作组","MES工作组","信息化项目管理工作室","","MES工作组","","MES工作组组长","高","否","内部评审意见","供应商未定期间内部先做初版蓝图，进场后复核 [E]","MES工作组;信息化项目管理工作室","资源名称仅保留主责资源；协作资源、供应商资源建议映射到文本字段，不导入Resource Names",""
"210","8.4","MES供应商复核蓝图","设计","10工作日","2026-10-13","2026-10-26","209","MES工作组","MES工作组","信息化项目管理工作室","MES供应商","MES工作组","MES供应商","MES工作组组长","高","否","复核蓝图","供应商未定期间内部先做初版蓝图，进场后复核 [M]","MES工作组;信息化项目管理工作室;MES供应商","资源名称仅保留主责资源；协作资源、供应商资源建议映射到文本字段，不导入Resource Names",""
"211","8.5","MES蓝图评审通过","里程碑","0工作日","2026-10-30","2026-10-30","210","MES工作组","MES工作组","信息化项目管理工作室","MES供应商","MES工作组","MES供应商","项目决策组","高","是","MES蓝图评审纪要","供应商未定期间内部先做初版蓝图，进场后复核 [M]","MES工作组;信息化项目管理工作室;MES供应商","资源名称仅保留主责资源；协作资源、供应商资源建议映射到文本字段，不导入Resource Names",""
"212","8.6.1","主数据接收与基础维护-详细需求确认","需求","5工作日","2026-11-02","2026-11-06","211","MES工作组","MES工作组","","MES供应商","MES工作组","MES供应商","MES工作组组长","中","否","主数据接收、基础维护","MES一期范围；QMS作为MES建设下子项目，2027上半年完成基础能力 [E]","MES工作组;MES供应商","资源名称仅保留主责资源；协作资源、供应商资源建议映射到文本字段，不导入Resource Names",""
"213","8.6.2","主数据接收与基础维护-详细设计","设计","5工作日","2026-11-09","2026-11-13","212","MES工作组","MES工作组","","MES供应商","MES工作组","MES供应商","MES工作组组长","中","否","主数据接收、基础维护","MES一期范围；QMS作为MES建设下子项目，2027上半年完成基础能力 [E]","MES工作组;MES供应商","资源名称仅保留主责资源；协作资源、供应商资源建议映射到文本字段，不导入Resource Names",""
"214","8.6.3","主数据接收与基础维护-配置/开发","开发","12工作日","2026-11-16","2026-12-01","213","MES工作组","MES工作组","","MES供应商","MES工作组","MES供应商","MES工作组组长","中","否","主数据接收、基础维护","MES一期范围；QMS作为MES建设下子项目，2027上半年完成基础能力 [E]","MES工作组;MES供应商","资源名称仅保留主责资源；协作资源、供应商资源建议映射到文本字段，不导入Resource Names",""
"215","8.6.4","主数据接收与基础维护-单元测试","测试","5工作日","2026-12-02","2026-12-08","214","MES工作组","MES工作组","","MES供应商","MES工作组","MES供应商","MES工作组;数据质量工作组","中","否","主数据接收、基础维护","MES一期范围；QMS作为MES建设下子项目，2027上半年完成基础能力 [E]","MES工作组;MES供应商","资源名称仅保留主责资源；协作资源、供应商资源建议映射到文本字段，不导入Resource Names",""
"216","8.6.5","主数据接收与基础维护-缺陷修复","修复","4工作日","2026-12-09","2026-12-14","215","MES工作组","MES工作组","","MES供应商","MES工作组","MES供应商","MES工作组组长","中","否","主数据接收、基础维护","MES一期范围；QMS作为MES建设下子项目，2027上半年完成基础能力 [E]","MES工作组;MES供应商","资源名称仅保留主责资源；协作资源、供应商资源建议映射到文本字段，不导入Resource Names",""
"217","8.7.1","工艺管理/轻量MBOM-详细需求确认","需求","5工作日","2026-11-07","2026-11-12","211","MES工作组","MES工作组","","MES供应商","MES工作组","MES供应商","MES工作组组长","高","否","轻量MBOM、工艺资料","MES一期范围；QMS作为MES建设下子项目，2027上半年完成基础能力 [E]","MES工作组;MES供应商","资源名称仅保留主责资源；协作资源、供应商资源建议映射到文本字段，不导入Resource Names",""
"218","8.7.2","工艺管理/轻量MBOM-详细设计","设计","5工作日","2026-11-13","2026-11-19","217","MES工作组","MES工作组","","MES供应商","MES工作组","MES供应商","MES工作组组长","高","否","轻量MBOM、工艺资料","MES一期范围；QMS作为MES建设下子项目，2027上半年完成基础能力 [E]","MES工作组;MES供应商","资源名称仅保留主责资源；协作资源、供应商资源建议映射到文本字段，不导入Resource Names",""
"219","8.7.3","工艺管理/轻量MBOM-配置/开发","开发","12工作日","2026-11-20","2026-12-07","218","MES工作组","MES工作组","","MES供应商","MES工作组","MES供应商","MES工作组组长","高","否","轻量MBOM、工艺资料","MES一期范围；QMS作为MES建设下子项目，2027上半年完成基础能力 [M]","MES工作组;MES供应商","资源名称仅保留主责资源；协作资源、供应商资源建议映射到文本字段，不导入Resource Names",""
"220","8.7.4","工艺管理/轻量MBOM-单元测试","测试","5工作日","2026-12-08","2026-12-14","219","MES工作组","MES工作组","","MES供应商","MES工作组","MES供应商","MES工作组;数据质量工作组","高","否","轻量MBOM、工艺资料","MES一期范围；QMS作为MES建设下子项目，2027上半年完成基础能力 [E]","MES工作组;MES供应商","资源名称仅保留主责资源；协作资源、供应商资源建议映射到文本字段，不导入Resource Names",""
"221","8.7.5","工艺管理/轻量MBOM-缺陷修复","修复","4工作日","2026-12-15","2026-12-18","220","MES工作组","MES工作组","","MES供应商","MES工作组","MES供应商","MES工作组组长","高","否","轻量MBOM、工艺资料","MES一期范围；QMS作为MES建设下子项目，2027上半年完成基础能力 [E]","MES工作组;MES供应商","资源名称仅保留主责资源；协作资源、供应商资源建议映射到文本字段，不导入Resource Names",""
"222","8.8.1","生产计划管理-详细需求确认","需求","5工作日","2026-11-12","2026-11-18","211","MES工作组","MES工作组","","MES供应商","MES工作组","MES供应商","MES工作组组长","中","否","生产计划模块","MES一期范围；QMS作为MES建设下子项目，2027上半年完成基础能力 [E]","MES工作组;MES供应商","资源名称仅保留主责资源；协作资源、供应商资源建议映射到文本字段，不导入Resource Names",""
"223","8.8.2","生产计划管理-详细设计","设计","5工作日","2026-11-19","2026-11-25","222","MES工作组","MES工作组","","MES供应商","MES工作组","MES供应商","MES工作组组长","中","否","生产计划模块","MES一期范围；QMS作为MES建设下子项目，2027上半年完成基础能力 [E]","MES工作组;MES供应商","资源名称仅保留主责资源；协作资源、供应商资源建议映射到文本字段，不导入Resource Names",""
"224","8.8.3","生产计划管理-配置/开发","开发","12工作日","2026-11-26","2026-12-11","223","MES工作组","MES工作组","","MES供应商","MES工作组","MES供应商","MES工作组组长","中","否","生产计划模块","MES一期范围；QMS作为MES建设下子项目，2027上半年完成基础能力 [E]","MES工作组;MES供应商","资源名称仅保留主责资源；协作资源、供应商资源建议映射到文本字段，不导入Resource Names",""
"225","8.8.4","生产计划管理-单元测试","测试","5工作日","2026-12-14","2026-12-18","224","MES工作组","MES工作组","","MES供应商","MES工作组","MES供应商","MES工作组;数据质量工作组","中","否","生产计划模块","MES一期范围；QMS作为MES建设下子项目，2027上半年完成基础能力 [E]","MES工作组;MES供应商","资源名称仅保留主责资源；协作资源、供应商资源建议映射到文本字段，不导入Resource Names",""
"226","8.8.5","生产计划管理-缺陷修复","修复","4工作日","2026-12-21","2026-12-24","225","MES工作组","MES工作组","","MES供应商","MES工作组","MES供应商","MES工作组组长","中","否","生产计划模块","MES一期范围；QMS作为MES建设下子项目，2027上半年完成基础能力 [E]","MES工作组;MES供应商","资源名称仅保留主责资源；协作资源、供应商资源建议映射到文本字段，不导入Resource Names",""
"227","8.9.1","执行报工/工序流转-详细需求确认","需求","5工作日","2026-11-17","2026-11-23","211","MES工作组","MES工作组","","MES供应商","MES工作组","MES供应商","MES工作组组长","中","否","执行报工与流转","MES一期范围；QMS作为MES建设下子项目，2027上半年完成基础能力 [E]","MES工作组;MES供应商","资源名称仅保留主责资源；协作资源、供应商资源建议映射到文本字段，不导入Resource Names",""
"228","8.9.2","执行报工/工序流转-详细设计","设计","5工作日","2026-11-24","2026-11-30","227","MES工作组","MES工作组","","MES供应商","MES工作组","MES供应商","MES工作组组长","中","否","执行报工与流转","MES一期范围；QMS作为MES建设下子项目，2027上半年完成基础能力 [E]","MES工作组;MES供应商","资源名称仅保留主责资源；协作资源、供应商资源建议映射到文本字段，不导入Resource Names",""
"229","8.9.3","执行报工/工序流转-配置/开发","开发","12工作日","2026-12-01","2026-12-16","228","MES工作组","MES工作组","","MES供应商","MES工作组","MES供应商","MES工作组组长","中","否","执行报工与流转","MES一期范围；QMS作为MES建设下子项目，2027上半年完成基础能力 [E]","MES工作组;MES供应商","资源名称仅保留主责资源；协作资源、供应商资源建议映射到文本字段，不导入Resource Names",""
"230","8.9.4","执行报工/工序流转-单元测试","测试","5工作日","2026-12-17","2026-12-23","229","MES工作组","MES工作组","","MES供应商","MES工作组","MES供应商","MES工作组;数据质量工作组","中","否","执行报工与流转","MES一期范围；QMS作为MES建设下子项目，2027上半年完成基础能力 [E]","MES工作组;MES供应商","资源名称仅保留主责资源；协作资源、供应商资源建议映射到文本字段，不导入Resource Names",""
"231","8.9.5","执行报工/工序流转-缺陷修复","修复","4工作日","2026-12-24","2026-12-29","230","MES工作组","MES工作组","","MES供应商","MES工作组","MES供应商","MES工作组组长","中","否","执行报工与流转","MES一期范围；QMS作为MES建设下子项目，2027上半年完成基础能力 [E]","MES工作组;MES供应商","资源名称仅保留主责资源；协作资源、供应商资源建议映射到文本字段，不导入Resource Names",""
"232","8.10.1","仓储管理-详细需求确认","需求","5工作日","2026-11-22","2026-11-26","211","MES工作组","MES工作组","","MES供应商","MES工作组","MES供应商","MES工作组组长","中","否","仓储管理模块","MES一期范围；QMS作为MES建设下子项目，2027上半年完成基础能力 [E]","MES工作组;MES供应商","资源名称仅保留主责资源；协作资源、供应商资源建议映射到文本字段，不导入Resource Names",""
"233","8.10.2","仓储管理-详细设计","设计","5工作日","2026-11-27","2026-12-03","232","MES工作组","MES工作组","","MES供应商","MES工作组","MES供应商","MES工作组组长","中","否","仓储管理模块","MES一期范围；QMS作为MES建设下子项目，2027上半年完成基础能力 [E]","MES工作组;MES供应商","资源名称仅保留主责资源；协作资源、供应商资源建议映射到文本字段，不导入Resource Names",""
"234","8.10.3","仓储管理-配置/开发","开发","12工作日","2026-12-04","2026-12-21","233","MES工作组","MES工作组","","MES供应商","MES工作组","MES供应商","MES工作组组长","中","否","仓储管理模块","MES一期范围；QMS作为MES建设下子项目，2027上半年完成基础能力 [E]","MES工作组;MES供应商","资源名称仅保留主责资源；协作资源、供应商资源建议映射到文本字段，不导入Resource Names",""
"235","8.10.4","仓储管理-单元测试","测试","5工作日","2026-12-22","2026-12-28","234","MES工作组","MES工作组","","MES供应商","MES工作组","MES供应商","MES工作组;数据质量工作组","中","否","仓储管理模块","MES一期范围；QMS作为MES建设下子项目，2027上半年完成基础能力 [E]","MES工作组;MES供应商","资源名称仅保留主责资源；协作资源、供应商资源建议映射到文本字段，不导入Resource Names",""
"236","8.10.5","仓储管理-缺陷修复","修复","4工作日","2026-12-29","2027-01-01","235","MES工作组","MES工作组","","MES供应商","MES工作组","MES供应商","MES工作组组长","中","否","仓储管理模块","MES一期范围；QMS作为MES建设下子项目，2027上半年完成基础能力 [E]","MES工作组;MES供应商","资源名称仅保留主责资源；协作资源、供应商资源建议映射到文本字段，不导入Resource Names",""
"237","8.11.1","工装工具管理-详细需求确认","需求","5工作日","2026-11-27","2026-12-03","211","MES工作组","MES工作组","","MES供应商","MES工作组","MES供应商","MES工作组组长","中","否","工装工具模块","MES一期范围；QMS作为MES建设下子项目，2027上半年完成基础能力 [E]","MES工作组;MES供应商","资源名称仅保留主责资源；协作资源、供应商资源建议映射到文本字段，不导入Resource Names",""
"238","8.11.2","工装工具管理-详细设计","设计","5工作日","2026-12-04","2026-12-10","237","MES工作组","MES工作组","","MES供应商","MES工作组","MES供应商","MES工作组组长","中","否","工装工具模块","MES一期范围；QMS作为MES建设下子项目，2027上半年完成基础能力 [E]","MES工作组;MES供应商","资源名称仅保留主责资源；协作资源、供应商资源建议映射到文本字段，不导入Resource Names",""
"239","8.11.3","工装工具管理-配置/开发","开发","12工作日","2026-12-11","2026-12-28","238","MES工作组","MES工作组","","MES供应商","MES工作组","MES供应商","MES工作组组长","中","否","工装工具模块","MES一期范围；QMS作为MES建设下子项目，2027上半年完成基础能力 [E]","MES工作组;MES供应商","资源名称仅保留主责资源；协作资源、供应商资源建议映射到文本字段，不导入Resource Names",""
"240","8.11.4","工装工具管理-单元测试","测试","5工作日","2026-12-29","2027-01-04","239","MES工作组","MES工作组","","MES供应商","MES工作组","MES供应商","MES工作组;数据质量工作组","中","否","工装工具模块","MES一期范围；QMS作为MES建设下子项目，2027上半年完成基础能力 [E]","MES工作组;MES供应商","资源名称仅保留主责资源；协作资源、供应商资源建议映射到文本字段，不导入Resource Names",""
"241","8.11.5","工装工具管理-缺陷修复","修复","4工作日","2027-01-05","2027-01-08","240","MES工作组","MES工作组","","MES供应商","MES工作组","MES供应商","MES工作组组长","中","否","工装工具模块","MES一期范围；QMS作为MES建设下子项目，2027上半年完成基础能力 [E]","MES工作组;MES供应商","资源名称仅保留主责资源；协作资源、供应商资源建议映射到文本字段，不导入Resource Names",""
"242","8.12.1","质量基础管理-详细需求确认","需求","5工作日","2026-12-02","2026-12-08","211","MES工作组","MES工作组","","MES供应商","MES工作组","MES供应商","MES工作组组长","中","否","质量基础模块","MES一期范围；QMS作为MES建设下子项目，2027上半年完成基础能力 [E]","MES工作组;MES供应商","资源名称仅保留主责资源；协作资源、供应商资源建议映射到文本字段，不导入Resource Names",""
"243","8.12.2","质量基础管理-详细设计","设计","5工作日","2026-12-09","2026-12-15","242","MES工作组","MES工作组","","MES供应商","MES工作组","MES供应商","MES工作组组长","中","否","质量基础模块","MES一期范围；QMS作为MES建设下子项目，2027上半年完成基础能力 [E]","MES工作组;MES供应商","资源名称仅保留主责资源；协作资源、供应商资源建议映射到文本字段，不导入Resource Names",""
"244","8.12.3","质量基础管理-配置/开发","开发","12工作日","2026-12-16","2026-12-31","243","MES工作组","MES工作组","","MES供应商","MES工作组","MES供应商","MES工作组组长","中","否","质量基础模块","MES一期范围；QMS作为MES建设下子项目，2027上半年完成基础能力 [E]","MES工作组;MES供应商","资源名称仅保留主责资源；协作资源、供应商资源建议映射到文本字段，不导入Resource Names",""
"245","8.12.4","质量基础管理-单元测试","测试","5工作日","2027-01-01","2027-01-07","244","MES工作组","MES工作组","","MES供应商","MES工作组","MES供应商","MES工作组;数据质量工作组","中","否","质量基础模块","MES一期范围；QMS作为MES建设下子项目，2027上半年完成基础能力 [E]","MES工作组;MES供应商","资源名称仅保留主责资源；协作资源、供应商资源建议映射到文本字段，不导入Resource Names",""
"246","8.12.5","质量基础管理-缺陷修复","修复","4工作日","2027-01-08","2027-01-13","245","MES工作组","MES工作组","","MES供应商","MES工作组","MES供应商","MES工作组组长","中","否","质量基础模块","MES一期范围；QMS作为MES建设下子项目，2027上半年完成基础能力 [E]","MES工作组;MES供应商","资源名称仅保留主责资源；协作资源、供应商资源建议映射到文本字段，不导入Resource Names",""
"247","8.13.1","生产进度看板-详细需求确认","需求","5工作日","2026-12-07","2026-12-11","211","MES工作组","MES工作组","","MES供应商","MES工作组","MES供应商","MES工作组组长","中","否","进度看板","MES一期范围；QMS作为MES建设下子项目，2027上半年完成基础能力 [E]","MES工作组;MES供应商","资源名称仅保留主责资源；协作资源、供应商资源建议映射到文本字段，不导入Resource Names",""
"248","8.13.2","生产进度看板-详细设计","设计","5工作日","2026-12-14","2026-12-18","247","MES工作组","MES工作组","","MES供应商","MES工作组","MES供应商","MES工作组组长","中","否","进度看板","MES一期范围；QMS作为MES建设下子项目，2027上半年完成基础能力 [E]","MES工作组;MES供应商","资源名称仅保留主责资源；协作资源、供应商资源建议映射到文本字段，不导入Resource Names",""
"249","8.13.3","生产进度看板-配置/开发","开发","12工作日","2026-12-21","2027-01-05","248","MES工作组","MES工作组","","MES供应商","MES工作组","MES供应商","MES工作组组长","中","否","进度看板","MES一期范围；QMS作为MES建设下子项目，2027上半年完成基础能力 [E]","MES工作组;MES供应商","资源名称仅保留主责资源；协作资源、供应商资源建议映射到文本字段，不导入Resource Names",""
"250","8.13.4","生产进度看板-单元测试","测试","5工作日","2027-01-06","2027-01-12","249","MES工作组","MES工作组","","MES供应商","MES工作组","MES供应商","MES工作组;数据质量工作组","中","否","进度看板","MES一期范围；QMS作为MES建设下子项目，2027上半年完成基础能力 [E]","MES工作组;MES供应商","资源名称仅保留主责资源；协作资源、供应商资源建议映射到文本字段，不导入Resource Names",""
"251","8.13.5","生产进度看板-缺陷修复","修复","4工作日","2027-01-13","2027-01-18","250","MES工作组","MES工作组","","MES供应商","MES工作组","MES供应商","MES工作组组长","中","否","进度看板","MES一期范围；QMS作为MES建设下子项目，2027上半年完成基础能力 [E]","MES工作组;MES供应商","资源名称仅保留主责资源；协作资源、供应商资源建议映射到文本字段，不导入Resource Names",""
"252","8.14.1","PLM-MES接口-详细需求确认","需求","5工作日","2026-12-12","2026-12-17","211","MES工作组","MES工作组","","MES供应商","MES工作组","MES供应商","MES工作组组长","高","否","接口","MES一期范围；QMS作为MES建设下子项目，2027上半年完成基础能力 [E]","MES工作组;MES供应商","资源名称仅保留主责资源；协作资源、供应商资源建议映射到文本字段，不导入Resource Names",""
"253","8.14.2","PLM-MES接口-详细设计","设计","5工作日","2026-12-18","2026-12-24","252","MES工作组","MES工作组","","MES供应商","MES工作组","MES供应商","MES工作组组长","高","否","接口","MES一期范围；QMS作为MES建设下子项目，2027上半年完成基础能力 [E]","MES工作组;MES供应商","资源名称仅保留主责资源；协作资源、供应商资源建议映射到文本字段，不导入Resource Names",""
"254","8.14.3","PLM-MES接口-配置/开发","开发","8工作日","2026-12-25","2027-01-05","253","MES工作组","MES工作组","","MES供应商","MES工作组","MES供应商","MES工作组组长","高","否","接口","MES一期范围；QMS作为MES建设下子项目，2027上半年完成基础能力 [E]","MES工作组;MES供应商","资源名称仅保留主责资源；协作资源、供应商资源建议映射到文本字段，不导入Resource Names",""
"255","8.14.4","PLM-MES接口-单元测试","测试","5工作日","2027-01-06","2027-01-12","254","MES工作组","MES工作组","","MES供应商","MES工作组","MES供应商","MES工作组;数据质量工作组","高","否","接口","MES一期范围；QMS作为MES建设下子项目，2027上半年完成基础能力 [E]","MES工作组;MES供应商","资源名称仅保留主责资源；协作资源、供应商资源建议映射到文本字段，不导入Resource Names",""
"256","8.14.5","PLM-MES接口-缺陷修复","修复","4工作日","2027-01-13","2027-01-18","255","MES工作组","MES工作组","","MES供应商","MES工作组","MES供应商","MES工作组组长","高","否","接口","MES一期范围；QMS作为MES建设下子项目，2027上半年完成基础能力 [E]","MES工作组;MES供应商","资源名称仅保留主责资源；协作资源、供应商资源建议映射到文本字段，不导入Resource Names",""
"257","8.15.1","ERP-MES接口-详细需求确认","需求","5工作日","2026-12-17","2026-12-23","211","MES工作组","MES工作组","","MES供应商","MES工作组","MES供应商","MES工作组组长","高","否","接口","MES一期范围；QMS作为MES建设下子项目，2027上半年完成基础能力 [E]","MES工作组;MES供应商","资源名称仅保留主责资源；协作资源、供应商资源建议映射到文本字段，不导入Resource Names",""
"258","8.15.2","ERP-MES接口-详细设计","设计","5工作日","2026-12-24","2026-12-30","257","MES工作组","MES工作组","","MES供应商","MES工作组","MES供应商","MES工作组组长","高","否","接口","MES一期范围；QMS作为MES建设下子项目，2027上半年完成基础能力 [E]","MES工作组;MES供应商","资源名称仅保留主责资源；协作资源、供应商资源建议映射到文本字段，不导入Resource Names",""
"259","8.15.3","ERP-MES接口-配置/开发","开发","8工作日","2026-12-31","2027-01-11","258","MES工作组","MES工作组","","MES供应商","MES工作组","MES供应商","MES工作组组长","高","否","接口","MES一期范围；QMS作为MES建设下子项目，2027上半年完成基础能力 [E]","MES工作组;MES供应商","资源名称仅保留主责资源；协作资源、供应商资源建议映射到文本字段，不导入Resource Names",""
"260","8.15.4","ERP-MES接口-单元测试","测试","5工作日","2027-01-12","2027-01-18","259","MES工作组","MES工作组","","MES供应商","MES工作组","MES供应商","MES工作组;数据质量工作组","高","否","接口","MES一期范围；QMS作为MES建设下子项目，2027上半年完成基础能力 [E]","MES工作组;MES供应商","资源名称仅保留主责资源；协作资源、供应商资源建议映射到文本字段，不导入Resource Names",""
"261","8.15.5","ERP-MES接口-缺陷修复","修复","4工作日","2027-01-19","2027-01-22","260","MES工作组","MES工作组","","MES供应商","MES工作组","MES供应商","MES工作组组长","高","否","接口","MES一期范围；QMS作为MES建设下子项目，2027上半年完成基础能力 [E]","MES工作组;MES供应商","资源名称仅保留主责资源；协作资源、供应商资源建议映射到文本字段，不导入Resource Names",""
"262","8.16.1","QMS低代码平台-QMS范围确认","需求","6工作日","2026-12-22","2026-12-29","211","MES工作组","MES工作组","","MES供应商;低代码平台供应商","MES工作组","MES供应商;低代码平台供应商","MES工作组组长","高","否","QMS系统","MES一期范围；QMS作为MES建设下子项目，2027上半年完成基础能力 [E]","MES工作组;MES供应商;低代码平台供应商","资源名称仅保留主责资源；协作资源、供应商资源建议映射到文本字段，不导入Resource Names",""
"263","8.16.2","QMS低代码平台-低代码平台方案设计","设计","6工作日","2026-12-30","2027-01-06","262","MES工作组","MES工作组","","MES供应商;低代码平台供应商","MES工作组","MES供应商;低代码平台供应商","MES工作组组长","高","否","QMS系统","MES一期范围；QMS作为MES建设下子项目，2027上半年完成基础能力 [E]","MES工作组;MES供应商;低代码平台供应商","资源名称仅保留主责资源；协作资源、供应商资源建议映射到文本字段，不导入Resource Names",""
"264","8.16.3","QMS低代码平台-质量流程表单配置","开发","12工作日","2027-01-07","2027-01-22","263","MES工作组","MES工作组","","MES供应商;低代码平台供应商","MES工作组","MES供应商;低代码平台供应商","MES工作组组长","高","否","QMS系统","MES一期范围；QMS作为MES建设下子项目，2027上半年完成基础能力 [M]","MES工作组;MES供应商;低代码平台供应商","资源名称仅保留主责资源；协作资源、供应商资源建议映射到文本字段，不导入Resource Names",""
"265","8.16.4","QMS低代码平台-质量台账与审批流配置","开发","10工作日","2027-01-25","2027-02-05","264","MES工作组","MES工作组","","MES供应商;低代码平台供应商","MES工作组","MES供应商;低代码平台供应商","MES工作组组长","高","否","QMS系统","MES一期范围；QMS作为MES建设下子项目，2027上半年完成基础能力 [M]","MES工作组;MES供应商;低代码平台供应商","资源名称仅保留主责资源；协作资源、供应商资源建议映射到文本字段，不导入Resource Names",""
"266","8.16.5","QMS低代码平台-QMS测试","测试","6工作日","2027-02-08","2027-02-15","265","MES工作组","MES工作组","","MES供应商;低代码平台供应商","MES工作组","MES供应商;低代码平台供应商","MES工作组;数据质量工作组","高","否","QMS系统","MES一期范围；QMS作为MES建设下子项目，2027上半年完成基础能力 [E]","MES工作组;MES供应商;低代码平台供应商","资源名称仅保留主责资源；协作资源、供应商资源建议映射到文本字段，不导入Resource Names",""
"267","8.16.6","QMS低代码平台-QMS基础能力验收","验收","5工作日","2027-02-16","2027-02-22","266","MES工作组","MES工作组","","MES供应商;低代码平台供应商","MES工作组","MES供应商;低代码平台供应商","MES工作组;数据质量工作组","高","否","QMS系统","MES一期范围；QMS作为MES建设下子项目，2027上半年完成基础能力 [M]","MES工作组;MES供应商;低代码平台供应商","资源名称仅保留主责资源；协作资源、供应商资源建议映射到文本字段，不导入Resource Names",""
"268","8.17.1","MES-QMS接口-详细需求确认","需求","5工作日","2026-12-27","2026-12-31","211","MES工作组","MES工作组","","MES供应商;低代码平台供应商","MES工作组","MES供应商;低代码平台供应商","MES工作组组长","中","否","接口","MES一期范围；QMS作为MES建设下子项目，2027上半年完成基础能力 [E]","MES工作组;MES供应商;低代码平台供应商","资源名称仅保留主责资源；协作资源、供应商资源建议映射到文本字段，不导入Resource Names",""
"269","8.17.2","MES-QMS接口-详细设计","设计","5工作日","2027-01-01","2027-01-07","268","MES工作组","MES工作组","","MES供应商;低代码平台供应商","MES工作组","MES供应商;低代码平台供应商","MES工作组组长","中","否","接口","MES一期范围；QMS作为MES建设下子项目，2027上半年完成基础能力 [E]","MES工作组;MES供应商;低代码平台供应商","资源名称仅保留主责资源；协作资源、供应商资源建议映射到文本字段，不导入Resource Names",""
"270","8.17.3","MES-QMS接口-配置/开发","开发","8工作日","2027-01-08","2027-01-19","269","MES工作组","MES工作组","","MES供应商;低代码平台供应商","MES工作组","MES供应商;低代码平台供应商","MES工作组组长","中","否","接口","MES一期范围；QMS作为MES建设下子项目，2027上半年完成基础能力 [E]","MES工作组;MES供应商;低代码平台供应商","资源名称仅保留主责资源；协作资源、供应商资源建议映射到文本字段，不导入Resource Names",""
"271","8.17.4","MES-QMS接口-单元测试","测试","5工作日","2027-01-20","2027-01-26","270","MES工作组","MES工作组","","MES供应商;低代码平台供应商","MES工作组","MES供应商;低代码平台供应商","MES工作组;数据质量工作组","中","否","接口","MES一期范围；QMS作为MES建设下子项目，2027上半年完成基础能力 [E]","MES工作组;MES供应商;低代码平台供应商","资源名称仅保留主责资源；协作资源、供应商资源建议映射到文本字段，不导入Resource Names",""
"272","8.17.5","MES-QMS接口-缺陷修复","修复","4工作日","2027-01-27","2027-02-01","271","MES工作组","MES工作组","","MES供应商;低代码平台供应商","MES工作组","MES供应商;低代码平台供应商","MES工作组组长","中","否","接口","MES一期范围；QMS作为MES建设下子项目，2027上半年完成基础能力 [E]","MES工作组;MES供应商;低代码平台供应商","资源名称仅保留主责资源；协作资源、供应商资源建议映射到文本字段，不导入Resource Names",""
"273","8.99.1","MES一期系统集成测试","测试","15工作日","2027-03-01","2027-03-19","170,216,221,226,231,236,241,246,251,256,261,267,272","MES工作组","MES工作组","信息化项目管理工作室","MES供应商","MES工作组","MES供应商","MES工作组组长","高","否","系统测试报告","关键节点前显式设置缓冲 [M]","MES工作组;MES供应商;信息化项目管理工作室","资源名称仅保留主责资源；协作资源、供应商资源建议映射到文本字段，不导入Resource Names",""
"274","8.99.2","MES一期用户培训材料编制","培训","5工作日","2027-03-22","2027-03-26","273","MES工作组","MES工作组","信息化项目管理工作室","MES供应商","MES工作组","MES供应商","MES工作组组长","中","否","培训材料","关键节点前显式设置缓冲 [E]","MES工作组;MES供应商;信息化项目管理工作室","资源名称仅保留主责资源；协作资源、供应商资源建议映射到文本字段，不导入Resource Names",""
"275","8.99.3","MES一期关键用户培训","培训","8工作日","2027-03-29","2027-04-07","274","MES工作组","MES工作组","信息化项目管理工作室","MES供应商","MES工作组","MES供应商","MES工作组组长","中","否","培训记录","关键节点前显式设置缓冲 [E]","MES工作组;MES供应商;信息化项目管理工作室","资源名称仅保留主责资源；协作资源、供应商资源建议映射到文本字段，不导入Resource Names",""
"276","8.99.4","MES一期上线前风险缓冲","缓冲","10工作日","2027-04-08","2027-04-21","275","MES工作组","MES工作组","信息化项目管理工作室","MES供应商","MES工作组","MES供应商","MES工作组组长","高","否","缓冲记录","关键节点前显式设置缓冲 [E]","MES工作组;MES供应商;信息化项目管理工作室","资源名称仅保留主责资源；协作资源、供应商资源建议映射到文本字段，不导入Resource Names",""
"277","8.99.5","MES一期试运行开始","里程碑","0工作日","2027-04-22","2027-04-22","276","MES工作组","MES工作组","信息化项目管理工作室","MES供应商","MES工作组","MES供应商","项目决策组","高","是","试运行启动单","关键节点前显式设置缓冲 [M]","MES工作组;MES供应商;信息化项目管理工作室","资源名称仅保留主责资源；协作资源、供应商资源建议映射到文本字段，不导入Resource Names",""
"278","8.99.6","MES一期试运行与问题整改","试运行","15工作日","2027-04-23","2027-04-29","277","MES工作组","MES工作组","信息化项目管理工作室","MES供应商","MES工作组","MES供应商","MES工作组组长","高","否","试运行报告","关键节点前显式设置缓冲 [M]","MES工作组;MES供应商;信息化项目管理工作室","资源名称仅保留主责资源；协作资源、供应商资源建议映射到文本字段，不导入Resource Names",""
"279","8.99.7","MES一期正式上线","里程碑","0工作日","2027-04-30","2027-04-30","278","MES工作组","MES工作组","信息化项目管理工作室","MES供应商","MES工作组","MES供应商","项目决策组","高","是","正式上线报告","关键节点前显式设置缓冲 [M]","MES工作组;MES供应商;信息化项目管理工作室","资源名称仅保留主责资源；协作资源、供应商资源建议映射到文本字段，不导入Resource Names",""
"280","8.99.8","MES一期验收","验收","5工作日","2027-05-03","2027-05-07","279","MES工作组","MES工作组","信息化项目管理工作室","MES供应商","MES工作组","MES供应商","项目决策组","高","否","一期验收报告","关键节点前显式设置缓冲 [E]","MES工作组;MES供应商;信息化项目管理工作室","资源名称仅保留主责资源；协作资源、供应商资源建议映射到文本字段，不导入Resource Names",""
"281","9.1","MDM-PLM集成联调","联调","10工作日","2027-05-03","2027-05-14","170,131,279,317,318","信息化项目组","信息化项目组","信息化项目管理工作室;各工作组","MDM自研团队;PLM供应商;MES供应商;用友U8;供应商","信息化项目组","MDM自研;PLM供应商;MES供应商;用友U8","信息化项目管理工作室","高","否","联调报告","2027年重点：联调、常态化治理、生产现场推广 [M]","信息化项目管理工作室;各工作组;供应商","资源名称仅保留主责资源；协作资源、供应商资源建议映射到文本字段，不导入Resource Names",""
"282","9.2","MDM-ERP集成联调","联调","10工作日","2027-05-17","2027-05-28","281","信息化项目组","信息化项目组","信息化项目管理工作室;各工作组","MDM自研团队;PLM供应商;MES供应商;用友U8;供应商","信息化项目组","MDM自研;PLM供应商;MES供应商;用友U8","信息化项目管理工作室","高","否","联调报告","2027年重点：联调、常态化治理、生产现场推广 [M]","信息化项目管理工作室;各工作组;供应商","资源名称仅保留主责资源；协作资源、供应商资源建议映射到文本字段，不导入Resource Names",""
"283","9.3","MDM-MES集成联调","联调","10工作日","2027-05-31","2027-06-11","282","信息化项目组","信息化项目组","信息化项目管理工作室;各工作组","MDM自研团队;PLM供应商;MES供应商;用友U8;供应商","信息化项目组","MDM自研;PLM供应商;MES供应商;用友U8","信息化项目管理工作室","高","否","联调报告","2027年重点：联调、常态化治理、生产现场推广 [M]","信息化项目管理工作室;各工作组;供应商","资源名称仅保留主责资源；协作资源、供应商资源建议映射到文本字段，不导入Resource Names",""
"284","9.4","PLM-MES集成联调","联调","12工作日","2027-06-14","2027-06-29","283","信息化项目组","信息化项目组","信息化项目管理工作室;各工作组","MDM自研团队;PLM供应商;MES供应商;用友U8;供应商","信息化项目组","MDM自研;PLM供应商;MES供应商;用友U8","信息化项目管理工作室","高","否","联调报告","2027年重点：联调、常态化治理、生产现场推广 [M]","信息化项目管理工作室;各工作组;供应商","资源名称仅保留主责资源；协作资源、供应商资源建议映射到文本字段，不导入Resource Names",""
"285","9.5","ERP-MES集成联调","联调","12工作日","2027-06-30","2027-07-15","284","信息化项目组","信息化项目组","信息化项目管理工作室;各工作组","MDM自研团队;PLM供应商;MES供应商;用友U8;供应商","信息化项目组","MDM自研;PLM供应商;MES供应商;用友U8","信息化项目管理工作室","高","否","联调报告","2027年重点：联调、常态化治理、生产现场推广 [M]","信息化项目管理工作室;各工作组;供应商","资源名称仅保留主责资源；协作资源、供应商资源建议映射到文本字段，不导入Resource Names",""
"286","9.6","MES-QMS集成联调","联调","10工作日","2027-07-16","2027-07-29","285","信息化项目组","信息化项目组","信息化项目管理工作室;各工作组","MDM自研团队;PLM供应商;MES供应商;用友U8;供应商","信息化项目组","MDM自研;PLM供应商;MES供应商;用友U8","信息化项目管理工作室","高","否","联调报告","2027年重点：联调、常态化治理、生产现场推广 [M]","信息化项目管理工作室;各工作组;供应商","资源名称仅保留主责资源；协作资源、供应商资源建议映射到文本字段，不导入Resource Names",""
"287","9.7","跨系统业务场景测试-订单到计划","测试","8工作日","2027-07-30","2027-08-10","286","信息化项目组","信息化项目组","信息化项目管理工作室;各工作组","MDM自研团队;PLM供应商;MES供应商;用友U8;供应商","信息化项目组","MDM自研;PLM供应商;MES供应商;用友U8","信息化项目管理工作室","中","否","场景测试报告","2027年重点：联调、常态化治理、生产现场推广 [E]","信息化项目管理工作室;各工作组;供应商","资源名称仅保留主责资源；协作资源、供应商资源建议映射到文本字段，不导入Resource Names",""
"288","9.8","跨系统业务场景测试-工艺到执行","测试","8工作日","2027-08-11","2027-08-20","287","信息化项目组","信息化项目组","信息化项目管理工作室;各工作组","MDM自研团队;PLM供应商;MES供应商;用友U8;供应商","信息化项目组","MDM自研;PLM供应商;MES供应商;用友U8","信息化项目管理工作室","中","否","场景测试报告","2027年重点：联调、常态化治理、生产现场推广 [M]","信息化项目管理工作室;各工作组;供应商","资源名称仅保留主责资源；协作资源、供应商资源建议映射到文本字段，不导入Resource Names",""
"289","9.9","跨系统业务场景测试-质量闭环","测试","8工作日","2027-08-23","2027-09-01","288","信息化项目组","信息化项目组","信息化项目管理工作室;各工作组","MDM自研团队;PLM供应商;MES供应商;用友U8;供应商","信息化项目组","MDM自研;PLM供应商;MES供应商;用友U8","信息化项目管理工作室","中","否","场景测试报告","2027年重点：联调、常态化治理、生产现场推广 [M]","信息化项目管理工作室;各工作组;供应商","资源名称仅保留主责资源；协作资源、供应商资源建议映射到文本字段，不导入Resource Names",""
"290","9.10","跨系统业务场景测试-物料齐套","测试","8工作日","2027-09-02","2027-09-13","289","信息化项目组","信息化项目组","信息化项目管理工作室;各工作组","MDM自研团队;PLM供应商;MES供应商;用友U8;供应商","信息化项目组","MDM自研;PLM供应商;MES供应商;用友U8","信息化项目管理工作室","中","否","场景测试报告","2027年重点：联调、常态化治理、生产现场推广 [E]","信息化项目管理工作室;各工作组;供应商","资源名称仅保留主责资源；协作资源、供应商资源建议映射到文本字段，不导入Resource Names",""
"291","9.11","全系统集成联调问题整改","整改","15工作日","2027-09-14","2027-10-04","290","信息化项目组","信息化项目组","信息化项目管理工作室;各工作组","MDM自研团队;PLM供应商;MES供应商;用友U8;供应商","信息化项目组","MDM自研;PLM供应商;MES供应商;用友U8","信息化项目管理工作室","高","否","问题整改清单","2027年重点：联调、常态化治理、生产现场推广 [E]","信息化项目管理工作室;各工作组;供应商","资源名称仅保留主责资源；协作资源、供应商资源建议映射到文本字段，不导入Resource Names",""
"292","9.12","全系统集成联调完成","里程碑","0工作日","2027-10-05","2027-10-05","291","信息化项目组","信息化项目组","信息化项目管理工作室;各工作组","MDM自研团队;PLM供应商;MES供应商;用友U8;供应商","信息化项目组","MDM自研;PLM供应商;MES供应商;用友U8","数据质量工作组;项目决策组","高","是","联调完成确认单","2027年重点：联调、常态化治理、生产现场推广 [M]","信息化项目管理工作室;各工作组;供应商","资源名称仅保留主责资源；协作资源、供应商资源建议映射到文本字段，不导入Resource Names",""
"293","9.13","生产现场推广方案","推广","8工作日","2027-10-06","2027-10-15","292","信息化项目组","信息化项目组","信息化项目管理工作室;各工作组","MDM自研团队;PLM供应商;MES供应商;用友U8;供应商","信息化项目组","MDM自研;PLM供应商;MES供应商;用友U8","信息化项目管理工作室","中","否","推广方案","2027年重点：联调、常态化治理、生产现场推广 [E]","信息化项目管理工作室;各工作组;供应商","资源名称仅保留主责资源；协作资源、供应商资源建议映射到文本字段，不导入Resource Names",""
"294","9.14","试点产线推广","推广","15工作日","2027-10-18","2027-11-05","293","信息化项目组","信息化项目组","信息化项目管理工作室;各工作组","MDM自研团队;PLM供应商;MES供应商;用友U8;供应商","信息化项目组","MDM自研;PLM供应商;MES供应商;用友U8","信息化项目管理工作室","中","否","试点推广报告","2027年重点：联调、常态化治理、生产现场推广 [E]","信息化项目管理工作室;各工作组;供应商","资源名称仅保留主责资源；协作资源、供应商资源建议映射到文本字段，不导入Resource Names",""
"295","9.15","多部门现场培训","培训","10工作日","2027-11-08","2027-11-19","294","信息化项目组","信息化项目组","信息化项目管理工作室;各工作组","MDM自研团队;PLM供应商;MES供应商;用友U8;供应商","信息化项目组","MDM自研;PLM供应商;MES供应商;用友U8","信息化项目管理工作室","中","否","培训记录","2027年重点：联调、常态化治理、生产现场推广 [E]","信息化项目管理工作室;各工作组;供应商","资源名称仅保留主责资源；协作资源、供应商资源建议映射到文本字段，不导入Resource Names",""
"296","9.16","全面推广与运行跟踪","推广","25工作日","2027-11-22","2027-12-24","295","信息化项目组","信息化项目组","信息化项目管理工作室;各工作组","MDM自研团队;PLM供应商;MES供应商;用友U8;供应商","信息化项目组","MDM自研;PLM供应商;MES供应商;用友U8","信息化项目管理工作室","中","否","推广跟踪报告","2027年重点：联调、常态化治理、生产现场推广 [E]","信息化项目管理工作室;各工作组;供应商","资源名称仅保留主责资源；协作资源、供应商资源建议映射到文本字段，不导入Resource Names",""
"297","9.17","生产现场全面推广完成","里程碑","0工作日","2027-12-27","2027-12-27","296","信息化项目组","信息化项目组","信息化项目管理工作室;各工作组","MDM自研团队;PLM供应商;MES供应商;用友U8;供应商","信息化项目组","MDM自研;PLM供应商;MES供应商;用友U8","数据质量工作组;项目决策组","高","是","推广完成确认单","2027年重点：联调、常态化治理、生产现场推广 [M]","信息化项目管理工作室;各工作组;供应商","资源名称仅保留主责资源；协作资源、供应商资源建议映射到文本字段，不导入Resource Names",""
"298","9.18","数据治理常态化机制设计","管理","10工作日","2027-12-28","2028-01-10","297","信息化项目组","信息化项目组","信息化项目管理工作室;各工作组","MDM自研团队;PLM供应商;MES供应商;用友U8;供应商","信息化项目组","MDM自研;PLM供应商;MES供应商;用友U8","数据质量工作组;项目决策组","中","否","机制文件","2027年重点：联调、常态化治理、生产现场推广 [E]","信息化项目管理工作室;各工作组;供应商","资源名称仅保留主责资源；协作资源、供应商资源建议映射到文本字段，不导入Resource Names",""
"299","9.19","月度数据质量审计机制运行","管理","20工作日","2028-01-11","2028-02-07","298","信息化项目组","信息化项目组","信息化项目管理工作室;各工作组","MDM自研团队;PLM供应商;MES供应商;用友U8;供应商","信息化项目组","MDM自研;PLM供应商;MES供应商;用友U8","数据质量工作组;项目决策组","中","否","质量审计报告","2027年重点：联调、常态化治理、生产现场推广 [E]","信息化项目管理工作室;各工作组;供应商","资源名称仅保留主责资源；协作资源、供应商资源建议映射到文本字段，不导入Resource Names",""
"300","9.20","数据治理常态化机制验收","里程碑","0工作日","2028-02-08","2028-02-08","299","信息化项目组","信息化项目组","信息化项目管理工作室;各工作组","MDM自研团队;PLM供应商;MES供应商;用友U8;供应商","信息化项目组","MDM自研;PLM供应商;MES供应商;用友U8","数据质量工作组;项目决策组","高","是","机制验收报告","2027年重点：联调、常态化治理、生产现场推广 [M]","信息化项目管理工作室;各工作组;供应商","资源名称仅保留主责资源；协作资源、供应商资源建议映射到文本字段，不导入Resource Names",""
"301","10.1","项目文档知识库深化","AI应用","15工作日","2027-05-03","2027-05-21","12","信息化项目组","信息化项目组","信息化项目管理工作室;各业务试点部门","AI服务器供应商","信息化项目组","AI服务器供应商","信息化项目管理工作室","中","否","项目文档知识库","2026先支撑MDM自研和知识库，2027深化数字员工 [M]","信息化项目管理工作室;AI服务器供应商;各业务试点部门","资源名称仅保留主责资源；协作资源、供应商资源建议映射到文本字段，不导入Resource Names",""
"302","10.2","代码库问答与审查助手试点","AI应用","15工作日","2027-05-24","2027-06-11","301","信息化项目组","信息化项目组","信息化项目管理工作室;各业务试点部门","AI服务器供应商","信息化项目组","AI服务器供应商","信息化项目管理工作室","中","否","代码库问答助手","2026先支撑MDM自研和知识库，2027深化数字员工 [M]","信息化项目管理工作室;AI服务器供应商;各业务试点部门","资源名称仅保留主责资源；协作资源、供应商资源建议映射到文本字段，不导入Resource Names",""
"303","10.3","测试用例生成试点","AI应用","10工作日","2027-06-14","2027-06-25","302","信息化项目组","信息化项目组","信息化项目管理工作室;各业务试点部门","AI服务器供应商","信息化项目组","AI服务器供应商","信息化项目管理工作室","中","否","测试用例生成报告","2026先支撑MDM自研和知识库，2027深化数字员工 [E]","信息化项目管理工作室;AI服务器供应商;各业务试点部门","资源名称仅保留主责资源；协作资源、供应商资源建议映射到文本字段，不导入Resource Names",""
"304","10.4","项目周报/风险台账自动生成试点","AI应用","10工作日","2027-06-28","2027-07-09","303","信息化项目组","信息化项目组","信息化项目管理工作室;各业务试点部门","AI服务器供应商","信息化项目组","AI服务器供应商","信息化项目管理工作室","中","否","周报与风险台账试点","2026先支撑MDM自研和知识库，2027深化数字员工 [E]","信息化项目管理工作室;AI服务器供应商;各业务试点部门","资源名称仅保留主责资源；协作资源、供应商资源建议映射到文本字段，不导入Resource Names",""
"305","10.5","数字员工场景筛选","AI应用","8工作日","2027-07-12","2027-07-21","304","信息化项目组","信息化项目组","信息化项目管理工作室;各业务试点部门","AI服务器供应商","信息化项目组","AI服务器供应商","信息化项目管理工作室","高","否","场景清单","2026先支撑MDM自研和知识库，2027深化数字员工 [M]","信息化项目管理工作室;AI服务器供应商;各业务试点部门","资源名称仅保留主责资源；协作资源、供应商资源建议映射到文本字段，不导入Resource Names",""
"306","10.6","数字员工低风险场景原型","AI应用","20工作日","2027-07-22","2027-08-18","305","信息化项目组","信息化项目组","信息化项目管理工作室;各业务试点部门","AI服务器供应商","信息化项目组","AI服务器供应商","信息化项目管理工作室","高","否","原型","2026先支撑MDM自研和知识库，2027深化数字员工 [M]","信息化项目管理工作室;AI服务器供应商;各业务试点部门","资源名称仅保留主责资源；协作资源、供应商资源建议映射到文本字段，不导入Resource Names",""
"307","10.7","数字员工试点运行","试点","20工作日","2027-08-19","2027-09-15","306","信息化项目组","信息化项目组","信息化项目管理工作室;各业务试点部门","AI服务器供应商","信息化项目组","AI服务器供应商","信息化项目管理工作室","高","否","试点运行报告","2026先支撑MDM自研和知识库，2027深化数字员工 [M]","信息化项目管理工作室;AI服务器供应商;各业务试点部门","资源名称仅保留主责资源；协作资源、供应商资源建议映射到文本字段，不导入Resource Names",""
"308","10.8","AI应用/数字员工试点完成","里程碑","0工作日","2027-09-16","2027-09-16","307","信息化项目组","信息化项目组","信息化项目管理工作室;各业务试点部门","AI服务器供应商","信息化项目组","AI服务器供应商","项目决策组","高","是","试点完成报告","2026先支撑MDM自研和知识库，2027深化数字员工 [M]","信息化项目管理工作室;AI服务器供应商;各业务试点部门","资源名称仅保留主责资源；协作资源、供应商资源建议映射到文本字段，不导入Resource Names",""
"309","10.9","驾驶舱指标体系深化","驾驶舱","10工作日","2027-09-17","2027-09-30","308","信息化项目组","信息化项目组","信息化项目管理工作室;各业务试点部门","AI服务器供应商","信息化项目组","AI服务器供应商","信息化项目管理工作室","中","否","指标体系","2026先支撑MDM自研和知识库，2027深化数字员工 [E]","信息化项目管理工作室;AI服务器供应商;各业务试点部门","资源名称仅保留主责资源；协作资源、供应商资源建议映射到文本字段，不导入Resource Names",""
"310","10.10","驾驶舱数据接入与看板深化","驾驶舱","20工作日","2027-10-01","2027-10-28","309","信息化项目组","信息化项目组","信息化项目管理工作室;各业务试点部门","AI服务器供应商","信息化项目组","AI服务器供应商","信息化项目管理工作室","中","否","驾驶舱看板","2026先支撑MDM自研和知识库，2027深化数字员工 [M]","信息化项目管理工作室;AI服务器供应商;各业务试点部门","资源名称仅保留主责资源；协作资源、供应商资源建议映射到文本字段，不导入Resource Names",""
"311","10.11","项目总体验收材料准备","验收","15工作日","2028-02-09","2028-02-29","300,310","信息化项目组","信息化项目组","信息化项目管理工作室;各业务试点部门","AI服务器供应商","信息化项目组","AI服务器供应商","项目决策组","高","否","总体验收材料","2026先支撑MDM自研和知识库，2027深化数字员工 [M]","信息化项目管理工作室;AI服务器供应商;各业务试点部门","资源名称仅保留主责资源；协作资源、供应商资源建议映射到文本字段，不导入Resource Names",""
"312","10.12","项目总体验收前风险缓冲","缓冲","10工作日","2028-03-01","2028-03-14","311","信息化项目组","信息化项目组","信息化项目管理工作室;各业务试点部门","AI服务器供应商","信息化项目组","AI服务器供应商","信息化项目管理工作室","高","否","缓冲记录","2026先支撑MDM自研和知识库，2027深化数字员工 [M]","信息化项目管理工作室;AI服务器供应商;各业务试点部门","资源名称仅保留主责资源；协作资源、供应商资源建议映射到文本字段，不导入Resource Names",""
"313","10.13","项目总体验收","里程碑","0工作日","2028-03-31","2028-03-31","312","信息化项目组","信息化项目组","信息化项目管理工作室;各业务试点部门","AI服务器供应商","信息化项目组","AI服务器供应商","项目决策组","高","是","总体验收报告","2026先支撑MDM自研和知识库，2027深化数字员工 [M]","信息化项目管理工作室;AI服务器供应商;各业务试点部门","资源名称仅保留主责资源；协作资源、供应商资源建议映射到文本字段，不导入Resource Names",""
"314","7.5.1","ERP/OA需求冻结","里程碑","0工作日","2026-09-30","2026-09-30","195","ERP·OA工作组","ERP·OA工作组","信息化项目管理工作室","用友U8","ERP·OA工作组","用友U8","项目决策组","高","是","需求冻结确认单","已有用友U8；2026年不只做接口，还做MRP/采购计划/生产计划补强 [M]","ERP·OA工作组;信息化项目管理工作室","资源名称仅保留主责资源；协作资源、供应商资源建议映射到文本字段，不导入Resource Names",""
"315","7.7.1","ERP/OA接口方案评审通过","里程碑","0工作日","2026-10-22","2026-10-22","197","ERP·OA工作组","ERP·OA工作组","信息化项目管理工作室","用友U8","ERP·OA工作组","用友U8","项目决策组","高","是","方案评审结论","已有用友U8；2026年不只做接口，还做MRP/采购计划/生产计划补强 [M]","ERP·OA工作组;信息化项目管理工作室","资源名称仅保留主责资源；协作资源、供应商资源建议映射到文本字段，不导入Resource Names",""
"316","7.14.1","ERP/OA集成测试完成","里程碑","0工作日","2027-02-19","2027-02-19","204","ERP·OA工作组","ERP·OA工作组","信息化项目管理工作室","用友U8","ERP·OA工作组","用友U8","项目决策组","高","是","集成测试完成确认单","已有用友U8；2026年不只做接口，还做MRP/采购计划/生产计划补强 [M]","ERP·OA工作组;信息化项目管理工作室","资源名称仅保留主责资源；协作资源、供应商资源建议映射到文本字段，不导入Resource Names",""
"317","7.16.1","ERP/OA正式上线","里程碑","0工作日","2027-03-05","2027-03-05","206","ERP·OA工作组","ERP·OA工作组","信息化项目管理工作室","用友U8","ERP·OA工作组","用友U8","项目决策组","高","是","上线确认单","已有用友U8；2026年不只做接口，还做MRP/采购计划/生产计划补强 [M]","ERP·OA工作组;信息化项目管理工作室","资源名称仅保留主责资源；协作资源、供应商资源建议映射到文本字段，不导入Resource Names",""
"318","6.18.1","PLM正式上线","里程碑","0工作日","2027-04-24","2027-04-24","188","PLM工作组","PLM工作组","","PLM供应商","PLM工作组","PLM供应商","项目决策组","高","是","上线确认单","最好全有，以实际开发和集成进度为准 [M]","PLM工作组;PLM供应商","资源名称仅保留主责资源；协作资源、供应商资源建议映射到文本字段，不导入Resource Names",""
